"Refs","Value","Footprint","Qty"
"C73","100nF","Capacitor_SMD:C_0402_1005Metric","1"
"C74","100nF","Capacitor_SMD:C_0402_1005Metric","1"
"C75","100nF","Capacitor_SMD:C_0402_1005Metric","1"
"C76","100nF","Capacitor_SMD:C_0402_1005Metric","1"
"C77","100nF","Capacitor_SMD:C_0402_1005Metric","1"
"C78","1uF","Capacitor_SMD:C_0603_1608Metric","1"
"C79","100nF","Capacitor_SMD:C_0402_1005Metric","1"
"C80","100nF","Capacitor_SMD:C_0402_1005Metric","1"
"C81","100nF","Capacitor_SMD:C_0402_1005Metric","1"
"C82","100nF","Capacitor_SMD:C_0402_1005Metric","1"
"C83","1uF","Capacitor_SMD:C_0603_1608Metric","1"
"C84","10uF","Capacitor_SMD:C_0805_2012Metric","1"
"C85","100nF","Capacitor_SMD:C_0402_1005Metric","1"
"C86","4.7uF","Capacitor_SMD:C_0603_1608Metric","1"
"C87","100nF","Capacitor_SMD:C_0402_1005Metric","1"
"C88","1uF","Capacitor_SMD:C_0603_1608Metric","1"
"C89","4.7uF","Capacitor_SMD:C_0603_1608Metric","1"
"C90","100nF","Capacitor_SMD:C_0402_1005Metric","1"
"D1","LED","LED_SMD:LED_0603_1608Metric","1"
"D2","SS34","Diode_SMD:D_SMA","1"
"E2","FRU_EEPROM","ForgeOS:SOIC8_FRU","1"
"J2","SlimSAS_x8_SFF8654","ForgeOS:SlimSAS_x8_SFF-8654_74pin_RASide","1"
"J3","MCIO_4i_SFF1016","ForgeOS:MCIO_4i_SFF-1016_RASide","1"
"J4","MCIO_4i_SFF1016","ForgeOS:MCIO_4i_SFF-1016_RASide","1"
"J6","J_PWR_CTRL","ForgeOS:PinHeader_1x02","1"
"J9","J_OOB_HEADER","ForgeOS:PinHeader_1x04","1"
"J11","J_EC_HEADER","ForgeOS:PinHeader_1x04","1"
"J12","J_12V_IN","ForgeOS:PinHeader_1x02","1"
"J13","J_OOB_HEADER","ForgeOS:PinHeader_1x04","1"
"L1","10µH","Inductor_SMD:L_0805_2012Metric","1"
"R1","10K","Resistor_SMD:R_0402_1005Metric","1"
"R3","220R","Resistor_SMD:R_0402_1005Metric","1"
"R21","1K","Resistor_SMD:R_0603_1608Metric","1"
"R28","10K","Resistor_SMD:R_0402_1005Metric","1"
"R29","10K","Resistor_SMD:R_0402_1005Metric","1"
"R31","4.7k","Resistor_SMD:R_0402_1005Metric","1"
"R32","4.7k","Resistor_SMD:R_0402_1005Metric","1"
"R33","4.7k","Resistor_SMD:R_0402_1005Metric","1"
"R34","4.7k","Resistor_SMD:R_0402_1005Metric","1"
"R35","R_6K19","Resistor_SMD:R_0603_1608Metric","1"
"R36","1K","Resistor_SMD:R_0603_1608Metric","1"
"R37","1K","Resistor_SMD:R_0603_1608Metric","1"
"R38","R_8K25","Resistor_SMD:R_0603_1608Metric","1"
"R39","1K","Resistor_SMD:R_0603_1608Metric","1"
"R40","10K","Resistor_SMD:R_0402_1005Metric","1"
"R41","5.6k","Resistor_SMD:R_0402_1005Metric","1"
"R42","1K","Resistor_SMD:R_0603_1608Metric","1"
"R43","1K","Resistor_SMD:R_0603_1608Metric","1"
"R44","1K","Resistor_SMD:R_0603_1608Metric","1"
"R45","1K","Resistor_SMD:R_0603_1608Metric","1"
"U1","STM32G0B1CBT6","ForgeOS:MCU_STM32G0_LQFP48","1"
"U2","DCDC_12V_3V3","Package_SO:SOIC-8_5.3x5.3mm_P1.27mm","1"
"U4","BAT54C","ForgeOS:SOT23_BAT54C","1"
"U5","OPTO_LTV356T","ForgeOS:OPTO_LTV356T","1"
"U6","DS320PR1601","ForgeOS:DS320PR1601","1"
