net,layer,w_mm,x1,y1,x2,y2,best_plane,best_cov,cov_above,cov_below,residual_mm2,attr_hole_mm2,attr_outside_mm2,attr_antipad_split_mm2
PCIE_UP_OUT0_P_J2,B.Cu,0.205,84.85,54.88,84.85,56.834,In6.Cu,0.61336,0.61336,,0.154877,0.0,0.0,0.154877
PCIE_UP_OUT2_P_J2,B.Cu,0.205,87.25,54.88,87.25,59.732,In6.Cu,0.845957,0.845957,,0.15322,0.0,0.0,0.15322
PCIE_DN_OUT4_P_MCIO,B.Cu,0.205,89.1,52.366,89.1,42.01,In6.Cu,0.927828,0.927828,,0.15322,0.0,0.0,0.15322
PCIE_UP_OUT4_P_J2,B.Cu,0.205,89.65,54.88,89.65,62.63,In6.Cu,0.903559,0.903559,,0.15322,0.0,0.0,0.15322
PCIE_DN_OUT5_P_MCIO,B.Cu,0.205,90.3,52.366,90.3,43.08,In6.Cu,0.919512,0.919512,,0.15322,0.0,0.0,0.15322
PCIE_DN_OUT6_P_MCIO,B.Cu,0.205,91.5,52.366,91.5,44.15,In6.Cu,0.909029,0.909029,,0.15322,0.0,0.0,0.15322
PCIE_UP_OUT6_P_J2,B.Cu,0.205,92.05,54.88,92.05,65.528,In6.Cu,0.929807,0.929807,,0.15322,0.0,0.0,0.15322
PCIE_DN_OUT1_N_MCIO,B.Cu,0.205,86.05,51.423,86.05,39.87,In6.Cu,0.935349,0.935349,,0.153117,0.0,0.0,0.153117
PCIE_DN_OUT2_N_MCIO,B.Cu,0.205,87.25,51.423,87.25,38.8,In6.Cu,0.940829,0.940829,,0.153117,0.0,0.0,0.153117
PCIE_UP_OUT3_N_J2,B.Cu,0.205,87.9,55.823,87.9,61.181,In6.Cu,0.860598,0.860598,,0.153117,0.0,0.0,0.153117
PCIE_UP_OUT5_N_J2,B.Cu,0.205,90.3,55.823,90.3,64.079,In6.Cu,0.909531,0.909531,,0.153117,0.0,0.0,0.153117
PCIE_DN_OUT0_N_MCIO,B.Cu,0.205,84.85,51.423,84.85,40.94,In6.Cu,0.92875,0.92875,,0.153117,0.0,0.0,0.153117
PCIE_UP_OUT1_N_J2,B.Cu,0.205,85.5,55.823,85.5,58.283,In6.Cu,0.696376,0.696376,,0.153117,0.0,0.0,0.153117
PCIE_DN_OUT3_N_MCIO,B.Cu,0.205,88.45,51.423,88.45,37.73,In6.Cu,0.945463,0.945463,,0.15309,0.0,0.0,0.15309
PCIE_UP_OUT1_P_J2,B.Cu,0.205,86.05,54.88,86.05,57.783,In6.Cu,0.743838,0.743838,,0.152446,0.0,0.0,0.152446
PCIE_UP_OUT2_N_J2,B.Cu,0.205,86.7,55.823,86.7,59.232,In6.Cu,0.78186,0.78186,,0.152446,0.0,0.0,0.152446
PCIE_DN_OUT2_P_MCIO,B.Cu,0.205,86.7,52.366,86.7,39.3,In6.Cu,0.943086,0.943086,,0.152446,0.0,0.0,0.152446
PCIE_DN_OUT3_P_MCIO,B.Cu,0.205,87.9,52.366,87.9,38.23,In6.Cu,0.947394,0.947394,,0.152446,0.0,0.0,0.152446
PCIE_UP_OUT3_P_J2,B.Cu,0.205,88.45,54.88,88.45,60.681,In6.Cu,0.871808,0.871808,,0.152446,0.0,0.0,0.152446
PCIE_UP_OUT4_N_J2,B.Cu,0.205,89.1,55.823,89.1,62.13,In6.Cu,0.882093,0.882093,,0.152446,0.0,0.0,0.152446
PCIE_DN_OUT4_N_MCIO,B.Cu,0.205,89.65,51.423,89.65,42.51,In6.Cu,0.916567,0.916567,,0.152446,0.0,0.0,0.152446
PCIE_UP_OUT5_P_J2,B.Cu,0.205,90.85,54.88,90.85,63.579,In6.Cu,0.914514,0.914514,,0.152446,0.0,0.0,0.152446
PCIE_DN_OUT5_N_MCIO,B.Cu,0.205,90.85,51.423,90.85,43.58,In6.Cu,0.905184,0.905184,,0.152446,0.0,0.0,0.152446
PCIE_UP_OUT6_N_J2,B.Cu,0.205,91.5,55.823,91.5,65.028,In6.Cu,0.919214,0.919214,,0.152446,0.0,0.0,0.152446
PCIE_DN_OUT6_N_MCIO,B.Cu,0.205,92.05,51.423,92.05,44.65,In6.Cu,0.890205,0.890205,,0.152446,0.0,0.0,0.152446
PCIE_UP_OUT7_N_J2,B.Cu,0.205,92.7,55.823,92.7,66.977,In6.Cu,0.93333,0.93333,,0.152446,0.0,0.0,0.152446
PCIE_DN_OUT7_P_MCIO,B.Cu,0.205,92.7,52.366,92.7,34.52,In6.Cu,0.95833,0.95833,,0.152446,0.0,0.0,0.152446
PCIE_UP_OUT7_P_J2,B.Cu,0.205,93.7,55.13,93.7,66.477,In6.Cu,0.934464,0.934464,,0.152446,0.0,0.0,0.152446
PCIE_DN_OUT0_P_MCIO,B.Cu,0.205,84.3,52.366,84.3,41.44,In6.Cu,0.931939,0.931939,,0.152446,0.0,0.0,0.152446
PCIE_DN_OUT1_P_MCIO,B.Cu,0.205,85.5,52.366,85.5,40.37,In6.Cu,0.938009,0.938009,,0.152446,0.0,0.0,0.152446
PCIE_UP_OUT0_N_J2,B.Cu,0.205,84.35,55.723,84.35,56.334,In6.Cu,0.0,0.0,,0.125255,0.0,0.0,0.125255
PCIE_DN3_N,F.Cu,0.205,127.59,58.85,129.995,58.85,In1.Cu,0.845251,,0.845251,0.076295,0.0,0.0,0.076295
PCIE_DN2_P,F.Cu,0.205,127.01,57.65,128.088,57.65,In1.Cu,0.655084,,0.655084,0.076223,0.0,0.0,0.076223
PCIE_DN4_N,F.Cu,0.205,139.48,59.45,138.07,59.45,In1.Cu,0.736298,,0.736298,0.076223,0.0,0.0,0.076223
PCIE_DN_OUT7_N_MCIO,B.Cu,0.205,93.7,51.673,93.7,43.954,In6.Cu,0.951829,0.951829,,0.076223,0.0,0.0,0.076223
PCIE_DN_OUT7_N_MCIO,B.Cu,0.205,93.7,42.739,93.7,35.02,In6.Cu,0.951829,0.951829,,0.076223,0.0,0.0,0.076223
PCIE_UP0_P,F.Cu,0.205,65.2,34.5,65.2,35.023,In1.Cu,0.289518,,0.289518,0.076223,0.0,0.0,0.076223
PCIE_REFCLK0_N,F.Cu,0.205,131.45,45.4,106.325,45.4,In1.Cu,0.985201,,0.985201,0.076223,0.0,0.0,0.076223
PCIE_REFCLK1_N,F.Cu,0.205,131.07,50.8,106.325,50.8,In1.Cu,0.984974,,0.984974,0.076223,0.0,0.0,0.076223
PCIE_DN3_P,F.Cu,0.205,140.64,58.25,140.39,58.5,In1.Cu,0.0,,0.0,0.072479,0.0,0.0,0.072479
PCIE_DN4_P,F.Cu,0.205,128.17,59.45,128.42,59.7,In1.Cu,0.0,,0.0,0.072479,0.0,0.0,0.072479
PCIE_DN5_P,F.Cu,0.205,138.32,60.05,138.07,60.3,In1.Cu,0.0,,0.0,0.072479,0.0,0.0,0.072479
PCIE_DN5_N,F.Cu,0.205,129.33,60.65,129.58,60.9,In1.Cu,0.0,,0.0,0.072479,0.0,0.0,0.072479
PCIE_DN2_N,F.Cu,0.205,141.184,57.686,140.331,57.686,In1.Cu,0.604566,,0.604566,0.069136,0.0,0.0,0.069136
PCIE_DN0_N,F.Cu,0.205,142.344,54.086,141.326,54.086,In1.Cu,0.6689,,0.6689,0.069136,0.0,0.0,0.069136
PCIE_UP_OUT0_N_J2,F.Cu,0.205,127.046,43.286,127.816,43.286,In1.Cu,0.5628,,0.5628,0.069012,0.0,0.0,0.069012
PCIE_UP_OUT1_P_J2,F.Cu,0.205,127.626,43.886,128.313,43.886,In1.Cu,0.513293,,0.513293,0.06856,0.0,0.0,0.06856
PCIE_DN1_N,F.Cu,0.205,126.466,55.286,127.319,55.286,In1.Cu,0.607863,,0.607863,0.06856,0.0,0.0,0.06856
PCIE_UP_OUT2_N_J2,F.Cu,0.205,129.366,46.886,129.804,46.886,In1.Cu,0.237441,,0.237441,0.06856,0.0,0.0,0.06856
PCIE_UP_OUT4_P_J2,F.Cu,0.205,140.024,48.086,139.337,48.086,In1.Cu,0.513293,,0.513293,0.06856,0.0,0.0,0.06856
PCIE_UP_OUT5_N_J2,F.Cu,0.205,138.864,49.286,138.343,49.286,In1.Cu,0.358614,,0.358614,0.06856,0.0,0.0,0.06856
PCIE_UP_OUT5_P_J2,F.Cu,0.205,128.786,49.286,129.307,49.286,In1.Cu,0.358614,,0.358614,0.06856,0.0,0.0,0.06856
PCIE_UP_OUT6_N_J2,F.Cu,0.205,129.946,52.286,130.301,52.286,In1.Cu,0.059817,,0.059817,0.06856,0.0,0.0,0.06856
PCIE_UP_OUT6_P_J2,F.Cu,0.205,137.704,51.686,137.349,51.686,In1.Cu,0.059817,,0.059817,0.06856,0.0,0.0,0.06856
PCIE_DN0_P,F.Cu,0.205,125.886,54.086,126.821,54.086,In1.Cu,0.642587,,0.642587,0.06856,0.0,0.0,0.06856
PCIE_UP_OUT0_P_J2,F.Cu,0.205,141.184,42.686,140.331,42.686,In1.Cu,0.607863,,0.607863,0.06856,0.005663,0.0,0.062897
PCIE_UP_OUT1_N_J2,F.Cu,0.205,139.444,43.886,138.84,43.886,In1.Cu,0.446558,,0.446558,0.06856,0.0,0.0,0.06856
PCIE_DN1_P,F.Cu,0.205,141.764,54.686,140.829,54.686,In1.Cu,0.642587,,0.642587,0.06856,0.0,0.0,0.06856
PCIE_UP1_P,F.Cu,0.205,62.237,34.538,62.237,35.594,In1.Cu,0.685225,,0.685225,0.068159,0.0,0.0,0.068159
PCIE_UP1_N,F.Cu,0.205,61.638,34.538,61.638,35.594,In1.Cu,0.685225,,0.685225,0.068159,0.0,0.0,0.068159
PCIE_UP3_P,F.Cu,0.205,55.043,34.543,55.043,35.75,In1.Cu,0.729477,,0.729477,0.066945,0.0,0.0,0.066945
PCIE_UP0_N,F.Cu,0.205,64.564,34.536,64.564,34.85,In1.Cu,0.0,,0.0,0.06437,0.0,0.0,0.06437
PCIE_UP_OUT2_N_J2,F.Cu,0.205,87.0,55.823,86.7,55.823,In1.Cu,0.0,,0.0,0.0615,0.0,0.0,0.0615
PCIE_DN_OUT2_P_MCIO,F.Cu,0.205,87.0,52.366,86.7,52.366,In1.Cu,0.0,,0.0,0.0615,0.0,0.0,0.0615
PCIE_DN2_N,F.Cu,0.205,87.25,57.12,87.25,56.82,In1.Cu,0.0,,0.0,0.0615,0.0,0.0,0.0615
PCIE_UP_OUT3_N_J2,F.Cu,0.205,88.2,55.823,87.9,55.823,In1.Cu,0.0,,0.0,0.0615,0.0,0.0,0.0615
PCIE_DN_OUT3_P_MCIO,F.Cu,0.205,88.2,52.366,87.9,52.366,In1.Cu,0.0,,0.0,0.0615,0.0,0.0,0.0615
PCIE_UP_OUT4_N_J2,F.Cu,0.205,89.4,55.823,89.1,55.823,In1.Cu,0.0,,0.0,0.0615,0.0,0.0,0.0615
PCIE_DN_OUT4_P_MCIO,F.Cu,0.205,89.4,52.366,89.1,52.366,In1.Cu,0.0,,0.0,0.0615,0.0,0.0,0.0615
PCIE_UP_OUT5_N_J2,F.Cu,0.205,90.6,55.823,90.3,55.823,In1.Cu,0.0,,0.0,0.0615,0.0,0.0,0.0615
PCIE_DN_OUT5_P_MCIO,F.Cu,0.205,90.6,52.366,90.3,52.366,In1.Cu,0.0,,0.0,0.0615,0.0,0.0,0.0615
PCIE_UP_OUT6_N_J2,F.Cu,0.205,91.8,55.823,91.5,55.823,In1.Cu,0.0,,0.0,0.0615,0.0,0.0,0.0615
PCIE_DN_OUT6_P_MCIO,F.Cu,0.205,91.8,52.366,91.5,52.366,In1.Cu,0.0,,0.0,0.0615,0.0,0.0,0.0615
PCIE_DN6_N,F.Cu,0.205,92.05,57.12,92.05,56.82,In1.Cu,0.0,,0.0,0.0615,0.0,0.0,0.0615
PCIE_UP_OUT7_N_J2,F.Cu,0.205,93.0,55.823,92.7,55.823,In1.Cu,0.0,,0.0,0.0615,0.0,0.0,0.0615
PCIE_DN_OUT7_P_MCIO,F.Cu,0.205,93.0,52.366,92.7,52.366,In1.Cu,0.0,,0.0,0.0615,0.0,0.0,0.0615
PCIE_UP7_P,F.Cu,0.205,93.25,50.28,93.25,50.58,In1.Cu,0.0,,0.0,0.0615,0.0,0.0,0.0615
PCIE_UP_OUT7_P_J2,F.Cu,0.205,93.4,55.13,93.7,55.13,In1.Cu,0.0,,0.0,0.0615,0.0,0.0,0.0615
PCIE_DN_OUT7_N_MCIO,F.Cu,0.205,93.4,51.673,93.7,51.673,In1.Cu,0.0,,0.0,0.0615,0.0,0.0,0.0615
PCIE_DN_OUT0_P_MCIO,F.Cu,0.205,84.6,52.366,84.3,52.366,In1.Cu,0.0,,0.0,0.0615,0.0,0.0,0.0615
PCIE_UP_OUT1_N_J2,F.Cu,0.205,85.8,55.823,85.5,55.823,In1.Cu,0.0,,0.0,0.0615,0.0,0.0,0.0615
PCIE_DN_OUT1_P_MCIO,F.Cu,0.205,85.8,52.366,85.5,52.366,In1.Cu,0.0,,0.0,0.0615,0.0,0.0,0.0615
PCIE_DN_OUT3_N_MCIO,In5.Cu,0.16,88.45,37.73,53.2,37.73,In6.Cu,0.989193,0.865248,0.989193,0.06095,0.0,0.0,0.06095
PCIE_DN_OUT0_N_MCIO,In5.Cu,0.16,84.85,40.94,64.6,40.94,In6.Cu,0.981188,0.981187,0.981188,0.06095,0.0,0.0,0.06095
PCIE_DN_OUT1_N_MCIO,In5.Cu,0.16,86.05,39.87,60.4,39.87,In4.Cu,0.985154,0.985154,0.985149,0.060928,0.0,0.0,0.060928
PCIE_DN_OUT2_N_MCIO,In5.Cu,0.16,87.25,38.8,57.4,38.8,In4.Cu,0.987297,0.987297,0.987238,0.060669,0.0,0.0,0.060669
PCIE_DN7_P,In2.Cu,0.16,93.7,58.04,93.7,78.569,In1.Cu,0.981709,0.981709,0.981468,0.060079,0.0,0.0,0.060079
PCIE_DN_OUT5_P_MCIO,In5.Cu,0.16,90.3,43.08,56.2,43.08,In6.Cu,0.989029,0.982806,0.989029,0.059857,0.0,0.0,0.059857
PCIE_DN_OUT6_P_MCIO,In5.Cu,0.16,91.5,44.15,61.6,44.15,In6.Cu,0.987488,0.987264,0.987488,0.059857,0.0,0.0,0.059857
PCIE_UP_OUT1_P_J2,In2.Cu,0.16,127.59,57.783,127.59,43.85,In1.Cu,0.973162,0.973162,0.973162,0.05983,0.0,0.0,0.05983
PCIE_DN_OUT1_N_MCIO,In2.Cu,0.16,60.4,39.87,60.4,51.5,In1.Cu,0.967847,0.967847,0.967837,0.05983,0.0,0.0,0.05983
PCIE_DN1_N,In2.Cu,0.16,86.45,57.99,86.45,69.375,In1.Cu,0.967155,0.967155,0.967155,0.05983,0.0,0.0,0.05983
PCIE_DN1_N,In2.Cu,0.16,126.43,69.375,126.43,55.25,In1.Cu,0.973527,0.973527,0.973527,0.05983,0.0,0.0,0.05983
PCIE_UP1_P,In2.Cu,0.16,62.2,35.59,62.2,34.5,In1.Cu,0.65694,0.65694,0.65694,0.05983,0.0,0.0,0.05983
PCIE_UP_OUT2_N_J2,In2.Cu,0.16,129.33,59.232,129.33,46.85,In1.Cu,0.9698,0.9698,0.9698,0.05983,0.0,0.0,0.05983
PCIE_DN_OUT2_P_MCIO,In2.Cu,0.16,58.0,39.3,58.0,51.5,In3.Cu,0.96935,0.96935,0.96935,0.05983,0.0,0.0,0.05983
PCIE_DN2_N,In2.Cu,0.16,87.25,56.82,87.25,71.324,In1.Cu,0.974218,0.974218,0.973759,0.05983,0.0,0.0,0.05983
PCIE_DN2_N,In2.Cu,0.16,141.22,71.324,141.22,57.65,In3.Cu,0.972654,0.972635,0.972654,0.05983,0.0,0.0,0.05983
PCIE_UP2_P,In2.Cu,0.16,59.2,45.22,59.2,34.5,In1.Cu,0.965118,0.965118,0.965118,0.05983,0.0,0.0,0.05983
PCIE_UP2_P,In2.Cu,0.16,87.2,50.58,87.2,45.22,In1.Cu,0.930236,0.930236,0.92893,0.05983,0.0,0.0,0.05983
PCIE_UP_OUT2_P_J2,In2.Cu,0.16,137.16,59.732,137.16,46.25,In1.Cu,0.972264,0.972264,0.972264,0.05983,0.0,0.0,0.05983
PCIE_UP_OUT2_P_J2,In5.Cu,0.16,87.25,59.732,137.16,59.732,In4.Cu,0.992508,0.992508,0.992508,0.05983,0.0,0.0,0.05983
PCIE_DN_OUT2_N_MCIO,In2.Cu,0.16,57.4,38.8,57.4,51.5,In1.Cu,0.970556,0.970556,0.970547,0.05983,0.0,0.0,0.05983
PCIE_DN2_P,In2.Cu,0.16,127.01,70.824,127.01,57.65,In1.Cu,0.971616,0.971616,0.971616,0.05983,0.0,0.0,0.05983
PCIE_DN2_P,In2.Cu,0.16,87.75,58.09,87.75,70.824,In1.Cu,0.970635,0.970635,0.970635,0.05983,0.0,0.0,0.05983
PCIE_UP2_N,In2.Cu,0.16,87.7,49.36,87.7,45.72,In3.Cu,0.89727,0.89727,0.89727,0.05983,0.0,0.0,0.05983
PCIE_UP2_N,In2.Cu,0.16,58.6,45.72,58.6,34.5,In1.Cu,0.966672,0.966672,0.96667,0.05983,0.0,0.0,0.05983
PCIE_UP_OUT3_N_J2,In2.Cu,0.16,136.0,61.181,136.0,47.45,In1.Cu,0.972767,0.972767,0.972767,0.05983,0.0,0.0,0.05983
PCIE_UP_OUT3_N_J2,In5.Cu,0.16,87.9,61.181,136.0,61.181,In4.Cu,0.992226,0.992226,0.99208,0.05983,0.0,0.0,0.05983
PCIE_DN_OUT3_P_MCIO,In2.Cu,0.16,53.8,38.23,53.8,51.5,In3.Cu,0.971821,0.971821,0.971821,0.05983,0.0,0.0,0.05983
PCIE_DN3_N,In2.Cu,0.16,127.59,72.273,127.59,58.85,In3.Cu,0.972142,0.972114,0.972142,0.05983,0.0,0.0,0.05983
PCIE_DN3_N,In2.Cu,0.16,88.4,56.82,88.4,72.273,In1.Cu,0.975802,0.975802,0.975802,0.05983,0.0,0.0,0.05983
PCIE_UP3_P,In2.Cu,0.16,55.0,33.95,55.0,34.5,In3.Cu,0.320117,0.320117,0.320117,0.05983,0.0,0.0,0.05983
PCIE_UP3_P,In2.Cu,0.16,88.4,50.58,88.4,33.95,In3.Cu,0.977514,0.977514,0.977514,0.05983,0.0,0.0,0.05983
PCIE_UP_OUT3_P_J2,In2.Cu,0.16,130.49,60.681,130.49,47.45,In1.Cu,0.971738,0.971738,0.971738,0.05983,0.0,0.0,0.05983
PCIE_DN_OUT3_N_MCIO,In2.Cu,0.16,53.2,37.73,53.2,51.5,In1.Cu,0.972844,0.972844,0.972835,0.05983,0.0,0.0,0.05983
PCIE_DN3_P,In2.Cu,0.16,88.9,58.04,88.9,72.773,In1.Cu,0.974619,0.974619,0.974178,0.05983,0.0,0.0,0.05983
PCIE_DN3_P,In2.Cu,0.16,140.64,72.773,140.64,58.25,In1.Cu,0.974252,0.974252,0.974252,0.05983,0.0,0.0,0.05983
PCIE_UP3_N,In2.Cu,0.16,54.4,33.45,54.4,34.5,In1.Cu,0.643871,0.643871,0.643754,0.05983,0.0,0.0,0.05983
PCIE_UP3_N,In2.Cu,0.16,88.9,49.36,88.9,33.45,In1.Cu,0.976497,0.976497,0.976078,0.05983,0.0,0.0,0.05983
PCIE_UP_OUT4_N_J2,In2.Cu,0.16,131.65,62.13,131.65,48.65,In1.Cu,0.97226,0.97226,0.97226,0.05983,0.0,0.0,0.05983
PCIE_DN_OUT4_P_MCIO,In2.Cu,0.16,54.4,42.01,54.4,60.2,In1.Cu,0.979443,0.979443,0.979436,0.05983,0.0,0.0,0.05983
PCIE_DN_OUT4_P_MCIO,In5.Cu,0.16,89.1,42.01,54.4,42.01,In6.Cu,0.989224,0.983104,0.989224,0.05983,0.0,0.0,0.05983
PCIE_DN4_P,In2.Cu,0.16,89.55,56.77,89.55,73.722,In1.Cu,0.977942,0.977942,0.977942,0.05983,0.0,0.0,0.05983
PCIE_DN4_P,In2.Cu,0.16,128.17,73.722,128.17,59.45,In1.Cu,0.973799,0.973799,0.973799,0.05983,0.0,0.0,0.05983
PCIE_UP4_N,In2.Cu,0.16,89.6,50.58,89.6,46.79,In3.Cu,0.901336,0.901336,0.901336,0.05983,0.0,0.0,0.05983
PCIE_UP_OUT4_P_J2,In2.Cu,0.16,140.06,62.63,140.06,48.05,In1.Cu,0.974353,0.974353,0.974353,0.05983,0.0,0.0,0.05983
PCIE_UP_OUT4_P_J2,In5.Cu,0.16,89.65,62.63,140.06,62.63,In4.Cu,0.992582,0.992582,0.992582,0.05983,0.0,0.0,0.05983
PCIE_DN_OUT4_N_MCIO,In2.Cu,0.16,55.0,42.51,55.0,60.2,In3.Cu,0.978862,0.978862,0.978862,0.05983,0.0,0.0,0.05983
PCIE_DN4_N,In2.Cu,0.16,139.48,74.222,139.48,59.45,In1.Cu,0.974686,0.974686,0.974686,0.05983,0.0,0.0,0.05983
PCIE_DN4_N,In2.Cu,0.16,90.05,57.99,90.05,74.222,In1.Cu,0.976963,0.976963,0.976562,0.05983,0.0,0.0,0.05983
PCIE_UP4_P,In2.Cu,0.16,90.1,49.36,90.1,46.29,In1.Cu,0.878197,0.878197,0.875372,0.05983,0.0,0.0,0.05983
PCIE_UP_OUT5_N_J2,In2.Cu,0.16,138.9,64.079,138.9,49.25,In1.Cu,0.974783,0.974783,0.974783,0.05983,0.0,0.0,0.05983
PCIE_UP_OUT5_N_J2,In5.Cu,0.16,90.3,64.079,138.9,64.079,In4.Cu,0.992306,0.992306,0.992162,0.05983,0.0,0.0,0.05983
PCIE_DN_OUT5_P_MCIO,In2.Cu,0.16,56.2,43.08,56.2,60.2,In1.Cu,0.978158,0.978158,0.978151,0.05983,0.0,0.0,0.05983
PCIE_DN5_P,In2.Cu,0.16,138.32,75.671,138.32,60.05,In1.Cu,0.976062,0.976062,0.976062,0.05983,0.0,0.0,0.05983
PCIE_DN5_P,In2.Cu,0.16,90.75,56.77,90.75,75.671,In1.Cu,0.980216,0.980216,0.979863,0.05983,0.0,0.0,0.05983
PCIE_UP5_N,In2.Cu,0.16,90.8,50.58,90.8,47.86,In3.Cu,0.862524,0.862524,0.862524,0.05983,0.0,0.0,0.05983
PCIE_UP_OUT5_P_J2,In2.Cu,0.16,128.75,63.579,128.75,49.25,In1.Cu,0.973904,0.973904,0.973904,0.05983,0.0,0.0,0.05983
PCIE_DN_OUT5_N_MCIO,In2.Cu,0.16,56.8,43.58,56.8,60.2,In3.Cu,0.977501,0.977501,0.977501,0.05983,0.0,0.0,0.05983
PCIE_DN5_N,In2.Cu,0.16,129.33,75.171,129.33,60.65,In1.Cu,0.974249,0.974249,0.974249,0.05983,0.0,0.0,0.05983
PCIE_DN5_N,In2.Cu,0.16,91.25,57.99,91.25,75.171,In1.Cu,0.978236,0.978236,0.978236,0.05983,0.0,0.0,0.05983
PCIE_UP5_P,In2.Cu,0.16,91.3,49.36,91.3,47.36,In1.Cu,0.813032,0.813032,0.809698,0.05983,0.0,0.0,0.05983
PCIE_UP_OUT6_N_J2,In2.Cu,0.16,129.91,65.028,129.91,52.25,In1.Cu,0.970736,0.970736,0.970736,0.05983,0.0,0.0,0.05983
PCIE_DN_OUT6_P_MCIO,In2.Cu,0.16,61.6,44.15,61.6,60.2,In1.Cu,0.976702,0.976702,0.976694,0.05983,0.0,0.0,0.05983
PCIE_DN6_N,In2.Cu,0.16,92.05,56.82,92.05,77.12,In1.Cu,0.98158,0.98158,0.981251,0.05983,0.0,0.0,0.05983
PCIE_DN6_N,In2.Cu,0.16,137.16,77.12,137.16,63.05,In1.Cu,0.973423,0.973423,0.973423,0.05983,0.0,0.0,0.05983
PCIE_UP6_P,In2.Cu,0.16,91.95,50.63,91.95,48.43,In1.Cu,0.830029,0.830029,0.826848,0.05983,0.0,0.0,0.05983
PCIE_UP_OUT6_P_J2,In2.Cu,0.16,137.74,65.528,137.74,51.65,In1.Cu,0.973056,0.973056,0.973056,0.05983,0.0,0.0,0.05983
PCIE_UP_OUT6_P_J2,In5.Cu,0.16,92.05,65.528,137.74,65.528,In6.Cu,0.991816,0.991816,0.991816,0.05983,0.0,0.0,0.05983
PCIE_DN_OUT6_N_MCIO,In2.Cu,0.16,62.2,44.65,62.2,60.2,In3.Cu,0.975953,0.975953,0.975953,0.05983,0.0,0.0,0.05983
PCIE_DN6_P,In2.Cu,0.16,92.55,58.09,92.55,76.62,In1.Cu,0.97982,0.97982,0.97982,0.05983,0.0,0.0,0.05983
PCIE_DN6_P,In2.Cu,0.16,130.49,76.62,130.49,63.05,In1.Cu,0.972444,0.972444,0.972444,0.05983,0.0,0.0,0.05983
PCIE_UP6_N,In2.Cu,0.16,92.45,49.41,92.45,48.93,In3.Cu,0.220968,0.220967,0.220968,0.05983,0.0,0.0,0.05983
PCIE_UP_OUT7_N_J2,In2.Cu,0.16,136.58,66.977,136.58,52.85,In1.Cu,0.97353,0.97353,0.97353,0.05983,0.0,0.0,0.05983
PCIE_UP_OUT7_N_J2,In5.Cu,0.16,92.7,66.977,136.58,66.977,In4.Cu,0.991478,0.991478,0.991478,0.05983,0.0,0.0,0.05983
PCIE_DN_OUT7_P_MCIO,In2.Cu,0.16,63.4,34.52,63.4,60.2,In1.Cu,0.985439,0.985439,0.985434,0.05983,0.0,0.0,0.05983
PCIE_DN_OUT7_P_MCIO,In5.Cu,0.16,92.7,34.52,63.4,34.52,In6.Cu,0.987238,0.987003,0.987238,0.05983,0.0,0.0,0.05983
PCIE_DN7_N,In2.Cu,0.16,93.2,56.82,93.2,78.069,In1.Cu,0.982402,0.982402,0.982402,0.05983,0.0,0.0,0.05983
PCIE_DN7_N,In2.Cu,0.16,131.65,78.069,131.65,64.25,In1.Cu,0.97294,0.97294,0.97294,0.05983,0.0,0.0,0.05983
PCIE_UP7_P,In2.Cu,0.16,93.25,50.58,93.25,49.5,In1.Cu,0.653763,0.653763,0.647283,0.05983,0.0,0.0,0.05983
PCIE_UP_OUT7_P_J2,In2.Cu,0.16,131.07,66.477,131.07,52.85,In1.Cu,0.972559,0.972559,0.972559,0.05983,0.0,0.0,0.05983
PCIE_DN_OUT7_N_MCIO,In2.Cu,0.16,64.0,35.02,64.0,60.2,In3.Cu,0.98515,0.985149,0.98515,0.05983,0.0,0.0,0.05983
PCIE_DN_OUT7_N_MCIO,In5.Cu,0.16,93.7,35.02,64.0,35.02,In4.Cu,0.98741,0.98741,0.98741,0.05983,0.0,0.0,0.05983
PCIE_DN7_P,In2.Cu,0.16,136.0,78.569,136.0,63.65,In1.Cu,0.974936,0.974936,0.974936,0.05983,0.0,0.0,0.05983
PCIE_UP7_N,In2.Cu,0.16,93.75,49.31,93.75,50.0,In1.Cu,0.458065,0.458065,0.44792,0.05983,0.0,0.0,0.05983
PCIE_UP_OUT0_N_J2,In2.Cu,0.16,127.01,56.334,127.01,43.25,In3.Cu,0.97142,0.971391,0.97142,0.05983,0.0,0.0,0.05983
PCIE_DN_OUT0_P_MCIO,In2.Cu,0.16,65.2,41.44,65.2,51.5,In3.Cu,0.962829,0.962829,0.962829,0.05983,0.0,0.0,0.05983
PCIE_DN0_P,In2.Cu,0.16,84.75,56.77,84.75,67.926,In1.Cu,0.966481,0.966481,0.966481,0.05983,0.0,0.0,0.05983
PCIE_DN0_P,In2.Cu,0.16,125.85,67.926,125.85,54.05,In1.Cu,0.973052,0.973052,0.973052,0.05983,0.0,0.0,0.05983
PCIE_UP0_N,In2.Cu,0.16,84.8,50.58,84.8,37.16,In3.Cu,0.972136,0.972136,0.972136,0.05983,0.0,0.0,0.05983
PCIE_UP0_N,In2.Cu,0.16,64.6,37.16,64.6,34.5,In1.Cu,0.859423,0.859423,0.859413,0.05983,0.0,0.0,0.05983
PCIE_UP_OUT0_P_J2,In2.Cu,0.16,141.22,56.834,141.22,42.65,In1.Cu,0.973637,0.973637,0.973637,0.05983,0.0,0.0,0.05983
PCIE_UP_OUT0_P_J2,In5.Cu,0.16,84.85,56.834,141.22,56.834,In6.Cu,0.993366,0.993366,0.993366,0.05983,0.0,0.0,0.05983
PCIE_DN_OUT0_N_MCIO,In2.Cu,0.16,64.6,40.94,64.6,51.5,In1.Cu,0.964589,0.964589,0.964578,0.05983,0.0,0.0,0.05983
PCIE_DN0_N,In2.Cu,0.16,85.25,57.99,85.25,68.426,In1.Cu,0.964169,0.964169,0.963546,0.05983,0.0,0.0,0.05983
PCIE_DN0_N,In2.Cu,0.16,142.38,68.426,142.38,54.05,In3.Cu,0.973989,0.973971,0.973989,0.05983,0.0,0.0,0.05983
PCIE_UP0_P,In2.Cu,0.16,65.2,36.66,65.2,34.5,In1.Cu,0.826882,0.826882,0.826882,0.05983,0.0,0.0,0.05983
PCIE_UP0_P,In2.Cu,0.16,85.3,49.36,85.3,36.66,In1.Cu,0.970556,0.970556,0.970031,0.05983,0.0,0.0,0.05983
PCIE_UP_OUT1_N_J2,In2.Cu,0.16,139.48,58.283,139.48,43.85,In1.Cu,0.974092,0.974092,0.974092,0.05983,0.0,0.0,0.05983
PCIE_UP_OUT1_N_J2,In5.Cu,0.16,85.5,58.283,139.48,58.283,In4.Cu,0.993073,0.993073,0.992943,0.05983,0.0,0.0,0.05983
PCIE_DN_OUT1_P_MCIO,In2.Cu,0.16,61.0,40.37,61.0,51.5,In3.Cu,0.966403,0.966403,0.966403,0.05983,0.0,0.0,0.05983
PCIE_DN1_P,In2.Cu,0.16,141.8,69.875,141.8,54.65,In1.Cu,0.975439,0.975439,0.975439,0.05983,0.0,0.0,0.05983
PCIE_DN1_P,In2.Cu,0.16,85.95,56.77,85.95,69.875,In1.Cu,0.971466,0.971466,0.970957,0.05983,0.0,0.0,0.05983
PCIE_UP1_N,In2.Cu,0.16,86.0,50.58,86.0,36.09,In3.Cu,0.974194,0.974194,0.974194,0.05983,0.0,0.0,0.05983
PCIE_UP1_N,In2.Cu,0.16,61.6,36.09,61.6,34.5,In1.Cu,0.76482,0.76482,0.764804,0.05983,0.0,0.0,0.05983
PCIE_UP_OUT2_P_J2,F.Cu,0.205,137.124,46.286,136.851,46.286,In1.Cu,0.0,,0.0,0.055936,0.0,0.0,0.055936
PCIE_UP_OUT3_P_J2,F.Cu,0.205,130.526,47.486,130.799,47.486,In1.Cu,0.0,,0.0,0.055936,0.0,0.0,0.055936
PCIE_DN6_N,F.Cu,0.205,137.16,63.05,136.887,63.05,In1.Cu,0.0,,0.0,0.055936,0.0,0.0,0.055936
PCIE_DN6_P,F.Cu,0.205,130.526,63.086,130.799,63.086,In1.Cu,0.0,,0.0,0.055936,0.0,0.0,0.055936
PCIE_REFCLK0_N,F.Cu,0.2,134.015,45.9,133.825,46.09,In1.Cu,0.0,,0.0,0.05374,0.0,0.0,0.05374
PCIE_REFCLK1_N,F.Cu,0.2,134.015,51.3,133.825,51.49,In1.Cu,0.0,,0.0,0.05374,0.0,0.0,0.05374
PCIE_DN1_N,F.Cu,0.205,86.45,57.74,86.45,57.99,In1.Cu,0.0,,0.0,0.05125,0.0,0.0,0.05125
PCIE_UP2_P,F.Cu,0.205,87.2,50.33,87.2,50.58,In1.Cu,0.0,,0.0,0.05125,0.0,0.0,0.05125
PCIE_DN3_N,F.Cu,0.205,88.4,57.07,88.4,56.82,In1.Cu,0.0,,0.0,0.05125,0.0,0.0,0.05125
PCIE_UP3_P,F.Cu,0.205,88.4,50.33,88.4,50.58,In1.Cu,0.0,,0.0,0.05125,0.0,0.0,0.05125
PCIE_UP4_N,F.Cu,0.205,89.6,50.33,89.6,50.58,In1.Cu,0.0,,0.0,0.05125,0.0,0.0,0.05125
PCIE_UP5_N,F.Cu,0.205,90.8,50.33,90.8,50.58,In1.Cu,0.0,,0.0,0.05125,0.0,0.0,0.05125
PCIE_DN7_N,F.Cu,0.205,93.2,57.07,93.2,56.82,In1.Cu,0.0,,0.0,0.05125,0.0,0.0,0.05125
PCIE_UP7_N,F.Cu,0.205,93.75,49.56,93.75,49.31,In1.Cu,0.0,,0.0,0.05125,0.0,0.0,0.05125
PCIE_DN0_P,F.Cu,0.205,84.75,57.02,84.75,56.77,In1.Cu,0.0,,0.0,0.05125,0.0,0.0,0.05125
PCIE_UP0_N,F.Cu,0.205,84.8,50.33,84.8,50.58,In1.Cu,0.0,,0.0,0.05125,0.0,0.0,0.05125
PCIE_UP1_N,F.Cu,0.205,86.0,50.33,86.0,50.58,In1.Cu,0.0,,0.0,0.05125,0.0,0.0,0.05125
PCIE_UP_OUT3_N_J2,F.Cu,0.205,135.875,47.575,135.5,47.575,In1.Cu,0.400975,,0.400975,0.04605,0.0,0.0,0.04605
PCIE_UP_OUT4_N_J2,F.Cu,0.205,131.775,48.775,132.15,48.775,In1.Cu,0.400975,,0.400975,0.04605,0.0,0.0,0.04605
PCIE_DN7_N,F.Cu,0.205,131.775,64.375,132.15,64.375,In1.Cu,0.400975,,0.400975,0.04605,0.0,0.0,0.04605
PCIE_DN7_P,F.Cu,0.205,135.875,63.775,135.5,63.775,In1.Cu,0.400975,,0.400975,0.04605,0.0,0.0,0.04605
PCIE_UP3_N,F.Cu,0.205,54.4,34.5,54.55,34.65,In1.Cu,0.0,,0.0,0.043487,0.0,0.0,0.043487
PCIE_DN_OUT2_P_MCIO,F.Cu,0.205,57.964,51.464,57.964,51.27,In1.Cu,0.0,,0.0,0.03977,0.0,0.0,0.03977
PCIE_DN_OUT2_N_MCIO,F.Cu,0.205,57.364,51.464,57.364,51.27,In1.Cu,0.0,,0.0,0.03977,0.0,0.0,0.03977
PCIE_DN_OUT0_P_MCIO,F.Cu,0.205,65.164,51.464,65.164,51.27,In1.Cu,0.0,,0.0,0.03977,0.0,0.0,0.03977
PCIE_DN_OUT0_N_MCIO,F.Cu,0.205,64.564,51.464,64.564,51.27,In1.Cu,0.0,,0.0,0.03977,0.0,0.0,0.03977
PCIE_UP3_N,F.Cu,0.205,54.55,34.65,54.55,38.875,In1.Cu,0.954989,,0.954989,0.038986,0.0,0.0,0.038986
PCIE_UP_OUT7_N_J2,F.Cu,0.205,136.544,52.886,136.354,52.886,In1.Cu,0.0,,0.0,0.03895,0.0,0.0,0.03895
PCIE_UP_OUT7_P_J2,F.Cu,0.205,131.106,52.886,131.296,52.886,In1.Cu,0.0,,0.0,0.03895,0.0,0.0,0.03895
PCIE_UP_OUT3_N_J2,F.Cu,0.205,136.0,47.45,135.875,47.575,In1.Cu,0.0,,0.0,0.036239,0.0,0.0,0.036239
PCIE_UP_OUT4_N_J2,F.Cu,0.205,131.65,48.65,131.775,48.775,In1.Cu,0.0,,0.0,0.036239,0.0,0.0,0.036239
PCIE_DN7_N,F.Cu,0.205,131.65,64.25,131.775,64.375,In1.Cu,0.0,,0.0,0.036239,0.0,0.0,0.036239
PCIE_DN7_P,F.Cu,0.205,136.0,63.65,135.875,63.775,In1.Cu,0.0,,0.0,0.036239,0.0,0.0,0.036239
PCIE_UP7_N,F.Cu,0.205,93.55,49.76,93.75,49.56,In1.Cu,0.47484,,0.47484,0.03045,0.0,0.0,0.03045
PCIE_UP2_N,F.Cu,0.205,58.557,34.679,58.557,34.814,In1.Cu,0.0,,0.0,0.027822,0.0,0.0,0.027822
PCIE_UP2_N,F.Cu,0.205,58.6,34.5,58.6,34.636,In1.Cu,0.0,,0.0,0.027822,0.0,0.0,0.027822
PCIE_UP2_P,F.Cu,0.205,59.2,34.5,59.2,34.633,In1.Cu,0.0,,0.0,0.027265,0.0,0.0,0.027265
PCIE_UP2_P,F.Cu,0.205,59.158,34.675,59.158,34.808,In1.Cu,0.0,,0.0,0.027265,0.0,0.0,0.027265
PCIE_DN1_N,F.Cu,0.205,86.35,57.64,86.45,57.74,In1.Cu,0.080091,,0.080091,0.026669,0.0,0.0,0.026669
PCIE_DN0_P,F.Cu,0.205,84.85,57.12,84.75,57.02,In1.Cu,0.080091,,0.080091,0.026669,0.0,0.0,0.026669
PCIE_DN4_P,F.Cu,0.205,89.6,57.07,89.6,56.945,In1.Cu,0.0,,0.0,0.025625,0.0,0.0,0.025625
PCIE_DN4_P,F.Cu,0.205,89.55,56.895,89.55,56.77,In1.Cu,0.0,,0.0,0.025625,0.0,0.0,0.025625
PCIE_DN4_N,F.Cu,0.205,90.05,57.865,90.05,57.99,In1.Cu,0.0,,0.0,0.025625,0.0,0.0,0.025625
PCIE_DN4_N,F.Cu,0.205,90.0,57.69,90.0,57.815,In1.Cu,0.0,,0.0,0.025625,0.0,0.0,0.025625
PCIE_DN5_P,F.Cu,0.205,90.8,57.07,90.8,56.945,In1.Cu,0.0,,0.0,0.025625,0.0,0.0,0.025625
PCIE_DN5_P,F.Cu,0.205,90.75,56.895,90.75,56.77,In1.Cu,0.0,,0.0,0.025625,0.0,0.0,0.025625
PCIE_DN5_N,F.Cu,0.205,91.2,57.69,91.2,57.815,In1.Cu,0.0,,0.0,0.025625,0.0,0.0,0.025625
PCIE_DN5_N,F.Cu,0.205,91.25,57.865,91.25,57.99,In1.Cu,0.0,,0.0,0.025625,0.0,0.0,0.025625
PCIE_UP6_P,F.Cu,0.205,91.95,50.505,91.95,50.63,In1.Cu,0.0,,0.0,0.025625,0.0,0.0,0.025625
PCIE_UP6_P,F.Cu,0.205,92.0,50.33,92.0,50.455,In1.Cu,0.0,,0.0,0.025625,0.0,0.0,0.025625
PCIE_UP6_N,F.Cu,0.205,92.45,49.535,92.45,49.41,In1.Cu,0.0,,0.0,0.025625,0.0,0.0,0.025625
PCIE_UP6_N,F.Cu,0.205,92.4,49.71,92.4,49.585,In1.Cu,0.0,,0.0,0.025625,0.0,0.0,0.025625
PCIE_DN0_N,F.Cu,0.205,85.2,57.815,85.2,57.94,In1.Cu,0.0,,0.0,0.025625,0.0,0.0,0.025625
PCIE_DN1_P,F.Cu,0.205,86.0,57.07,86.0,56.945,In1.Cu,0.0,,0.0,0.025625,0.0,0.0,0.025625
PCIE_DN1_P,F.Cu,0.205,85.95,56.895,85.95,56.77,In1.Cu,0.0,,0.0,0.025625,0.0,0.0,0.025625
PCIE_REFCLK0_N,F.Cu,0.2,135.0,45.9,134.015,45.9,In1.Cu,0.870228,,0.870228,0.025565,0.0,0.0,0.025565
PCIE_REFCLK1_N,F.Cu,0.2,135.0,51.3,134.015,51.3,In1.Cu,0.870228,,0.870228,0.025565,0.0,0.0,0.025565
PCIE_DN0_N,F.Cu,0.205,85.15,57.64,85.15,57.765,In1.Cu,0.037528,,0.037528,0.024663,0.0,0.0,0.024663
PCIE_DN_OUT4_P_MCIO,F.Cu,0.205,54.475,60.394,54.475,60.513,In1.Cu,0.0,,0.0,0.024344,0.0,0.0,0.024344
PCIE_DN_OUT4_P_MCIO,F.Cu,0.205,54.438,60.237,54.438,60.356,In1.Cu,0.0,,0.0,0.024344,0.0,0.0,0.024344
PCIE_DN_OUT4_N_MCIO,F.Cu,0.205,55.075,60.394,55.075,60.513,In1.Cu,0.0,,0.0,0.024344,0.0,0.0,0.024344
PCIE_DN_OUT4_N_MCIO,F.Cu,0.205,55.038,60.237,55.038,60.356,In1.Cu,0.0,,0.0,0.024344,0.0,0.0,0.024344
PCIE_DN_OUT5_P_MCIO,F.Cu,0.205,56.237,60.237,56.237,60.356,In1.Cu,0.0,,0.0,0.024344,0.0,0.0,0.024344
PCIE_DN_OUT5_P_MCIO,F.Cu,0.205,56.275,60.394,56.275,60.513,In1.Cu,0.0,,0.0,0.024344,0.0,0.0,0.024344
PCIE_DN_OUT5_N_MCIO,F.Cu,0.205,56.837,60.237,56.837,60.356,In1.Cu,0.0,,0.0,0.024344,0.0,0.0,0.024344
PCIE_DN_OUT5_N_MCIO,F.Cu,0.205,56.875,60.394,56.875,60.513,In1.Cu,0.0,,0.0,0.024344,0.0,0.0,0.024344
PCIE_DN_OUT6_P_MCIO,F.Cu,0.205,61.638,60.237,61.638,60.356,In1.Cu,0.0,,0.0,0.024344,0.0,0.0,0.024344
PCIE_DN_OUT6_P_MCIO,F.Cu,0.205,61.675,60.394,61.675,60.513,In1.Cu,0.0,,0.0,0.024344,0.0,0.0,0.024344
PCIE_DN_OUT6_N_MCIO,F.Cu,0.205,62.237,60.237,62.237,60.356,In1.Cu,0.0,,0.0,0.024344,0.0,0.0,0.024344
PCIE_DN_OUT6_N_MCIO,F.Cu,0.205,62.275,60.394,62.275,60.513,In1.Cu,0.0,,0.0,0.024344,0.0,0.0,0.024344
PCIE_DN_OUT7_P_MCIO,F.Cu,0.205,63.475,60.394,63.475,60.513,In1.Cu,0.0,,0.0,0.024344,0.0,0.0,0.024344
PCIE_DN_OUT7_P_MCIO,F.Cu,0.205,63.438,60.237,63.438,60.356,In1.Cu,0.0,,0.0,0.024344,0.0,0.0,0.024344
PCIE_DN_OUT7_N_MCIO,F.Cu,0.205,64.075,60.394,64.075,60.513,In1.Cu,0.0,,0.0,0.024344,0.0,0.0,0.024344
PCIE_DN_OUT7_N_MCIO,F.Cu,0.205,64.037,60.237,64.037,60.356,In1.Cu,0.0,,0.0,0.024344,0.0,0.0,0.024344
PCIE_UP_OUT1_P_J2,F.Cu,0.205,86.2,55.13,86.125,55.055,In1.Cu,0.0,,0.0,0.021744,0.0,0.0,0.021744
PCIE_UP_OUT1_P_J2,F.Cu,0.205,86.125,55.005,86.05,54.93,In1.Cu,0.0,,0.0,0.021744,0.0,0.0,0.021744
PCIE_DN_OUT1_N_MCIO,F.Cu,0.205,86.125,51.548,86.05,51.473,In1.Cu,0.0,,0.0,0.021744,0.0,0.0,0.021744
PCIE_DN_OUT1_N_MCIO,F.Cu,0.205,86.2,51.673,86.125,51.598,In1.Cu,0.0,,0.0,0.021744,0.0,0.0,0.021744
PCIE_UP_OUT2_P_J2,F.Cu,0.205,87.325,55.005,87.25,54.93,In1.Cu,0.0,,0.0,0.021744,0.0,0.0,0.021744
PCIE_UP_OUT2_P_J2,F.Cu,0.205,87.4,55.13,87.325,55.055,In1.Cu,0.0,,0.0,0.021744,0.0,0.0,0.021744
PCIE_DN_OUT2_N_MCIO,F.Cu,0.205,87.4,51.673,87.325,51.598,In1.Cu,0.0,,0.0,0.021744,0.0,0.0,0.021744
PCIE_DN_OUT2_N_MCIO,F.Cu,0.205,87.325,51.548,87.25,51.473,In1.Cu,0.0,,0.0,0.021744,0.0,0.0,0.021744
PCIE_UP_OUT3_P_J2,F.Cu,0.205,88.525,55.005,88.45,54.93,In1.Cu,0.0,,0.0,0.021744,0.0,0.0,0.021744
PCIE_UP_OUT3_P_J2,F.Cu,0.205,88.6,55.13,88.525,55.055,In1.Cu,0.0,,0.0,0.021744,0.0,0.0,0.021744
PCIE_DN_OUT3_N_MCIO,F.Cu,0.205,88.6,51.673,88.525,51.598,In1.Cu,0.0,,0.0,0.021744,0.0,0.0,0.021744
PCIE_DN_OUT3_N_MCIO,F.Cu,0.205,88.525,51.548,88.45,51.473,In1.Cu,0.0,,0.0,0.021744,0.0,0.0,0.021744
PCIE_UP_OUT4_P_J2,F.Cu,0.205,89.8,55.13,89.725,55.055,In1.Cu,0.0,,0.0,0.021744,0.0,0.0,0.021744
PCIE_UP_OUT4_P_J2,F.Cu,0.205,89.725,55.005,89.65,54.93,In1.Cu,0.0,,0.0,0.021744,0.0,0.0,0.021744
PCIE_DN_OUT4_N_MCIO,F.Cu,0.205,89.725,51.548,89.65,51.473,In1.Cu,0.0,,0.0,0.021744,0.0,0.0,0.021744
PCIE_DN_OUT4_N_MCIO,F.Cu,0.205,89.8,51.673,89.725,51.598,In1.Cu,0.0,,0.0,0.021744,0.0,0.0,0.021744
PCIE_UP_OUT5_P_J2,F.Cu,0.205,90.925,55.005,90.85,54.93,In1.Cu,0.0,,0.0,0.021744,0.0,0.0,0.021744
PCIE_UP_OUT5_P_J2,F.Cu,0.205,91.0,55.13,90.925,55.055,In1.Cu,0.0,,0.0,0.021744,0.0,0.0,0.021744
PCIE_DN_OUT5_N_MCIO,F.Cu,0.205,91.0,51.673,90.925,51.598,In1.Cu,0.0,,0.0,0.021744,0.0,0.0,0.021744
PCIE_DN_OUT5_N_MCIO,F.Cu,0.205,90.925,51.548,90.85,51.473,In1.Cu,0.0,,0.0,0.021744,0.0,0.0,0.021744
PCIE_UP_OUT6_P_J2,F.Cu,0.205,92.2,55.13,92.125,55.055,In1.Cu,0.0,,0.0,0.021744,0.0,0.0,0.021744
PCIE_UP_OUT6_P_J2,F.Cu,0.205,92.125,55.005,92.05,54.93,In1.Cu,0.0,,0.0,0.021744,0.0,0.0,0.021744
PCIE_DN_OUT6_N_MCIO,F.Cu,0.205,92.125,51.548,92.05,51.473,In1.Cu,0.0,,0.0,0.021744,0.0,0.0,0.021744
PCIE_DN_OUT6_N_MCIO,F.Cu,0.205,92.2,51.673,92.125,51.598,In1.Cu,0.0,,0.0,0.021744,0.0,0.0,0.021744
PCIE_UP_OUT0_P_J2,F.Cu,0.205,84.925,55.005,84.85,54.93,In1.Cu,0.0,,0.0,0.021744,0.0,0.0,0.021744
PCIE_UP_OUT0_P_J2,F.Cu,0.205,85.0,55.13,84.925,55.055,In1.Cu,0.0,,0.0,0.021744,0.0,0.0,0.021744
PCIE_DN_OUT0_N_MCIO,F.Cu,0.205,85.0,51.673,84.925,51.598,In1.Cu,0.0,,0.0,0.021744,0.0,0.0,0.021744
PCIE_DN_OUT0_N_MCIO,F.Cu,0.205,84.925,51.548,84.85,51.473,In1.Cu,0.0,,0.0,0.021744,0.0,0.0,0.021744
PCIE_UP_OUT7_N_J2,F.Cu,0.205,136.319,52.921,136.129,52.921,In1.Cu,0.456282,,0.456282,0.021178,0.0,0.0,0.021178
PCIE_UP_OUT7_P_J2,F.Cu,0.205,131.331,52.921,131.521,52.921,In1.Cu,0.456282,,0.456282,0.021178,0.0,0.0,0.021178
PCIE_DN_OUT1_N_MCIO,F.Cu,0.205,60.471,51.327,60.471,51.226,In1.Cu,0.0,,0.0,0.020744,0.0,0.0,0.020744
PCIE_DN_OUT1_N_MCIO,F.Cu,0.205,60.436,51.464,60.436,51.363,In1.Cu,0.0,,0.0,0.020744,0.0,0.0,0.020744
PCIE_DN_OUT3_P_MCIO,F.Cu,0.205,53.871,51.327,53.871,51.226,In1.Cu,0.0,,0.0,0.020744,0.0,0.0,0.020744
PCIE_DN_OUT3_P_MCIO,F.Cu,0.205,53.836,51.464,53.836,51.363,In1.Cu,0.0,,0.0,0.020744,0.0,0.0,0.020744
PCIE_DN_OUT3_N_MCIO,F.Cu,0.205,53.236,51.464,53.236,51.363,In1.Cu,0.0,,0.0,0.020744,0.0,0.0,0.020744
PCIE_DN_OUT3_N_MCIO,F.Cu,0.205,53.271,51.327,53.271,51.226,In1.Cu,0.0,,0.0,0.020744,0.0,0.0,0.020744
PCIE_DN_OUT1_P_MCIO,F.Cu,0.205,61.071,51.327,61.071,51.226,In1.Cu,0.0,,0.0,0.020744,0.0,0.0,0.020744
PCIE_DN_OUT1_P_MCIO,F.Cu,0.205,61.036,51.464,61.036,51.363,In1.Cu,0.0,,0.0,0.020744,0.0,0.0,0.020744
PCIE_DN_OUT2_P_MCIO,F.Cu,0.205,57.928,51.234,57.928,51.04,In1.Cu,0.491657,,0.491657,0.020217,0.0,0.0,0.020217
PCIE_DN_OUT2_N_MCIO,F.Cu,0.205,57.328,51.234,57.328,51.04,In1.Cu,0.491657,,0.491657,0.020217,0.0,0.0,0.020217
PCIE_DN_OUT0_P_MCIO,F.Cu,0.205,65.128,51.234,65.128,51.04,In1.Cu,0.491657,,0.491657,0.020217,0.0,0.0,0.020217
PCIE_DN_OUT0_N_MCIO,F.Cu,0.205,64.528,51.234,64.528,51.04,In1.Cu,0.491662,,0.491662,0.020217,0.0,0.0,0.020217
PCIE_UP4_N,F.Cu,0.205,55.038,64.963,55.038,64.869,In1.Cu,0.0,,0.0,0.019219,0.0,0.0,0.019219
PCIE_UP4_N,F.Cu,0.205,55.075,64.831,55.075,64.737,In1.Cu,0.0,,0.0,0.019219,0.0,0.0,0.019219
PCIE_UP4_P,F.Cu,0.205,54.438,64.963,54.438,64.869,In1.Cu,0.0,,0.0,0.019219,0.0,0.0,0.019219
PCIE_UP4_P,F.Cu,0.205,54.475,64.831,54.475,64.737,In1.Cu,0.0,,0.0,0.019219,0.0,0.0,0.019219
PCIE_UP5_N,F.Cu,0.205,56.837,64.963,56.837,64.869,In1.Cu,0.0,,0.0,0.019219,0.0,0.0,0.019219
PCIE_UP5_N,F.Cu,0.205,56.875,64.831,56.875,64.737,In1.Cu,0.0,,0.0,0.019219,0.0,0.0,0.019219
PCIE_UP5_P,F.Cu,0.205,56.275,64.831,56.275,64.737,In1.Cu,0.0,,0.0,0.019219,0.0,0.0,0.019219
PCIE_UP5_P,F.Cu,0.205,56.237,64.963,56.237,64.869,In1.Cu,0.0,,0.0,0.019219,0.0,0.0,0.019219
PCIE_UP6_P,F.Cu,0.205,61.638,64.963,61.638,64.869,In1.Cu,0.0,,0.0,0.019219,0.0,0.0,0.019219
PCIE_UP6_P,F.Cu,0.205,61.675,64.831,61.675,64.737,In1.Cu,0.0,,0.0,0.019219,0.0,0.0,0.019219
PCIE_UP6_N,F.Cu,0.205,62.275,64.831,62.275,64.737,In1.Cu,0.0,,0.0,0.019219,0.0,0.0,0.019219
PCIE_UP6_N,F.Cu,0.205,62.237,64.963,62.237,64.869,In1.Cu,0.0,,0.0,0.019219,0.0,0.0,0.019219
PCIE_UP7_P,F.Cu,0.205,63.475,64.831,63.475,64.737,In1.Cu,0.0,,0.0,0.019219,0.0,0.0,0.019219
PCIE_UP7_P,F.Cu,0.205,63.438,64.963,63.438,64.869,In1.Cu,0.0,,0.0,0.019219,0.0,0.0,0.019219
PCIE_UP7_N,F.Cu,0.205,64.075,64.831,64.075,64.737,In1.Cu,0.0,,0.0,0.019219,0.0,0.0,0.019219
PCIE_UP7_N,F.Cu,0.205,64.037,64.963,64.037,64.869,In1.Cu,0.0,,0.0,0.019219,0.0,0.0,0.019219
PCIE_UP_OUT0_N_J2,F.Cu,0.205,84.55,55.773,84.475,55.773,In1.Cu,0.0,,0.0,0.015375,0.0,0.0,0.015375
PCIE_UP_OUT0_N_J2,F.Cu,0.205,84.425,55.723,84.35,55.723,In1.Cu,0.0,,0.0,0.015375,0.0,0.0,0.015375
PCIE_UP2_P,F.Cu,0.205,87.25,50.28,87.2,50.33,In1.Cu,0.0,,0.0,0.014496,0.0,0.0,0.014496
PCIE_DN3_N,F.Cu,0.205,88.45,57.12,88.4,57.07,In1.Cu,0.0,,0.0,0.014496,0.0,0.0,0.014496
PCIE_UP3_P,F.Cu,0.205,88.45,50.28,88.4,50.33,In1.Cu,0.0,,0.0,0.014496,0.0,0.0,0.014496
PCIE_DN4_P,F.Cu,0.205,89.6,56.945,89.55,56.895,In1.Cu,0.0,,0.0,0.014496,0.0,0.0,0.014496
PCIE_UP4_N,F.Cu,0.205,89.65,50.28,89.6,50.33,In1.Cu,0.0,,0.0,0.014496,0.0,0.0,0.014496
PCIE_DN4_N,F.Cu,0.205,90.0,57.815,90.05,57.865,In1.Cu,0.0,,0.0,0.014496,0.0,0.0,0.014496
PCIE_DN5_P,F.Cu,0.205,90.8,56.945,90.75,56.895,In1.Cu,0.0,,0.0,0.014496,0.0,0.0,0.014496
PCIE_UP5_N,F.Cu,0.205,90.85,50.28,90.8,50.33,In1.Cu,0.0,,0.0,0.014496,0.0,0.0,0.014496
PCIE_DN5_N,F.Cu,0.205,91.2,57.815,91.25,57.865,In1.Cu,0.0,,0.0,0.014496,0.0,0.0,0.014496
PCIE_UP6_P,F.Cu,0.205,92.0,50.455,91.95,50.505,In1.Cu,0.0,,0.0,0.014496,0.0,0.0,0.014496
PCIE_UP6_N,F.Cu,0.205,92.4,49.585,92.45,49.535,In1.Cu,0.0,,0.0,0.014496,0.0,0.0,0.014496
PCIE_DN7_N,F.Cu,0.205,93.25,57.12,93.2,57.07,In1.Cu,0.0,,0.0,0.014496,0.0,0.0,0.014496
PCIE_UP_OUT0_N_J2,F.Cu,0.205,84.475,55.773,84.425,55.723,In1.Cu,0.0,,0.0,0.014496,0.0,0.0,0.014496
PCIE_UP_OUT0_N_J2,F.Cu,0.205,84.6,55.823,84.55,55.773,In1.Cu,0.0,,0.0,0.014496,0.0,0.0,0.014496
PCIE_UP0_N,F.Cu,0.205,84.85,50.28,84.8,50.33,In1.Cu,0.0,,0.0,0.014496,0.0,0.0,0.014496
PCIE_DN0_N,F.Cu,0.205,85.15,57.765,85.2,57.815,In1.Cu,0.0,,0.0,0.014496,0.0,0.0,0.014496
PCIE_DN0_N,F.Cu,0.205,85.2,57.94,85.25,57.99,In1.Cu,0.0,,0.0,0.014496,0.0,0.0,0.014496
PCIE_DN1_P,F.Cu,0.205,86.0,56.945,85.95,56.895,In1.Cu,0.0,,0.0,0.014496,0.0,0.0,0.014496
PCIE_UP1_N,F.Cu,0.205,86.05,50.28,86.0,50.33,In1.Cu,0.0,,0.0,0.014496,0.0,0.0,0.014496
PCIE_UP1_P,F.Cu,0.205,86.463,49.523,86.463,49.46,In1.Cu,0.0,,0.0,0.012812,0.0,0.0,0.012812
PCIE_UP1_P,F.Cu,0.205,86.425,49.623,86.425,49.56,In1.Cu,0.0,,0.0,0.012812,0.0,0.0,0.012812
PCIE_UP1_P,F.Cu,0.205,86.5,49.422,86.5,49.36,In1.Cu,0.0,,0.0,0.012812,0.0,0.0,0.012812
PCIE_UP2_N,F.Cu,0.205,87.625,49.623,87.625,49.56,In1.Cu,0.0,,0.0,0.012812,0.0,0.0,0.012812
PCIE_UP2_N,F.Cu,0.205,87.662,49.523,87.662,49.46,In1.Cu,0.0,,0.0,0.012812,0.0,0.0,0.012812
PCIE_UP2_N,F.Cu,0.205,87.7,49.422,87.7,49.36,In1.Cu,0.0,,0.0,0.012812,0.0,0.0,0.012812
PCIE_DN3_P,F.Cu,0.205,88.862,57.877,88.862,57.94,In1.Cu,0.0,,0.0,0.012812,0.0,0.0,0.012812
PCIE_DN3_P,F.Cu,0.205,88.9,57.977,88.9,58.04,In1.Cu,0.0,,0.0,0.012812,0.0,0.0,0.012812
PCIE_DN3_P,F.Cu,0.205,88.825,57.778,88.825,57.84,In1.Cu,0.0,,0.0,0.012812,0.0,0.0,0.012812
PCIE_UP3_N,F.Cu,0.205,88.9,49.422,88.9,49.36,In1.Cu,0.0,,0.0,0.012812,0.0,0.0,0.012812
PCIE_UP3_N,F.Cu,0.205,88.825,49.623,88.825,49.56,In1.Cu,0.0,,0.0,0.012812,0.0,0.0,0.012812
PCIE_UP3_N,F.Cu,0.205,88.862,49.523,88.862,49.46,In1.Cu,0.0,,0.0,0.012812,0.0,0.0,0.012812
PCIE_UP4_P,F.Cu,0.205,90.025,49.623,90.025,49.56,In1.Cu,0.0,,0.0,0.012812,0.0,0.0,0.012812
PCIE_UP4_P,F.Cu,0.205,90.062,49.523,90.062,49.46,In1.Cu,0.0,,0.0,0.012812,0.0,0.0,0.012812
PCIE_UP4_P,F.Cu,0.205,90.1,49.422,90.1,49.36,In1.Cu,0.0,,0.0,0.012812,0.0,0.0,0.012812
PCIE_UP5_P,F.Cu,0.205,91.3,49.422,91.3,49.36,In1.Cu,0.0,,0.0,0.012812,0.0,0.0,0.012812
PCIE_UP5_P,F.Cu,0.205,91.263,49.523,91.263,49.46,In1.Cu,0.0,,0.0,0.012812,0.0,0.0,0.012812
PCIE_UP5_P,F.Cu,0.205,91.225,49.623,91.225,49.56,In1.Cu,0.0,,0.0,0.012812,0.0,0.0,0.012812
PCIE_DN7_P,F.Cu,0.205,93.625,57.778,93.625,57.84,In1.Cu,0.0,,0.0,0.012812,0.0,0.0,0.012812
PCIE_DN7_P,F.Cu,0.205,93.7,57.977,93.7,58.04,In1.Cu,0.0,,0.0,0.012812,0.0,0.0,0.012812
PCIE_DN7_P,F.Cu,0.205,93.662,57.877,93.662,57.94,In1.Cu,0.0,,0.0,0.012812,0.0,0.0,0.012812
PCIE_UP0_P,F.Cu,0.205,85.3,49.422,85.3,49.36,In1.Cu,0.0,,0.0,0.012812,0.0,0.0,0.012812
PCIE_UP0_P,F.Cu,0.205,85.225,49.623,85.225,49.56,In1.Cu,0.0,,0.0,0.012812,0.0,0.0,0.012812
PCIE_UP0_P,F.Cu,0.205,85.263,49.523,85.263,49.46,In1.Cu,0.0,,0.0,0.012812,0.0,0.0,0.012812
PCIE_DN6_N,F.Cu,0.205,136.851,63.086,136.579,63.086,In1.Cu,0.774317,,0.774317,0.012624,0.0,0.0,0.012624
PCIE_UP2_N,F.Cu,0.205,58.6,34.636,58.557,34.679,In1.Cu,0.0,,0.0,0.012425,0.0,0.0,0.012425
PCIE_UP3_P,F.Cu,0.205,55.0,34.5,55.043,34.543,In1.Cu,0.0,,0.0,0.012425,0.0,0.0,0.012425
PCIE_UP2_P,F.Cu,0.205,59.2,34.633,59.158,34.675,In1.Cu,0.0,,0.0,0.012176,0.0,0.0,0.012176
PCIE_DN4_P,F.Cu,0.205,89.65,57.12,89.6,57.07,In1.Cu,0.160183,,0.160183,0.012174,0.0,0.0,0.012174
PCIE_DN4_N,F.Cu,0.205,89.95,57.64,90.0,57.69,In1.Cu,0.160182,,0.160182,0.012174,0.0,0.0,0.012174
PCIE_DN5_P,F.Cu,0.205,90.85,57.12,90.8,57.07,In1.Cu,0.160183,,0.160183,0.012174,0.0,0.0,0.012174
PCIE_DN5_N,F.Cu,0.205,91.15,57.64,91.2,57.69,In1.Cu,0.160182,,0.160182,0.012174,0.0,0.0,0.012174
PCIE_UP6_P,F.Cu,0.205,92.05,50.28,92.0,50.33,In1.Cu,0.160185,,0.160185,0.012174,0.0,0.0,0.012174
PCIE_UP6_N,F.Cu,0.205,92.35,49.76,92.4,49.71,In1.Cu,0.16018,,0.16018,0.012174,0.0,0.0,0.012174
PCIE_DN1_P,F.Cu,0.205,86.05,57.12,86.0,57.07,In1.Cu,0.160183,,0.160183,0.012174,0.0,0.0,0.012174
PCIE_DN2_P,F.Cu,0.205,87.63,57.82,87.67,57.86,In1.Cu,0.0,,0.0,0.011597,0.0,0.0,0.011597
PCIE_DN2_P,F.Cu,0.205,87.67,57.91,87.71,57.95,In1.Cu,0.0,,0.0,0.011597,0.0,0.0,0.011597
PCIE_DN2_P,F.Cu,0.205,87.71,58.0,87.75,58.04,In1.Cu,0.0,,0.0,0.011597,0.0,0.0,0.011597
PCIE_DN6_P,F.Cu,0.205,92.43,57.82,92.47,57.86,In1.Cu,0.0,,0.0,0.011597,0.0,0.0,0.011597
PCIE_DN6_P,F.Cu,0.205,92.51,58.0,92.55,58.04,In1.Cu,0.0,,0.0,0.011597,0.0,0.0,0.011597
PCIE_DN6_P,F.Cu,0.205,92.47,57.91,92.51,57.95,In1.Cu,0.0,,0.0,0.011597,0.0,0.0,0.011597
PCIE_UP4_N,F.Cu,0.205,55.112,64.7,55.112,64.606,In1.Cu,0.425267,,0.425267,0.011046,0.0,0.0,0.011046
PCIE_UP4_P,F.Cu,0.205,54.513,64.7,54.513,64.606,In1.Cu,0.425267,,0.425267,0.011046,0.0,0.0,0.011046
PCIE_UP5_N,F.Cu,0.205,56.913,64.7,56.913,64.606,In1.Cu,0.425267,,0.425267,0.011046,0.0,0.0,0.011046
PCIE_UP5_P,F.Cu,0.205,56.312,64.7,56.312,64.606,In1.Cu,0.425267,,0.425267,0.011046,0.0,0.0,0.011046
PCIE_UP6_P,F.Cu,0.205,61.712,64.7,61.712,64.606,In1.Cu,0.425267,,0.425267,0.011046,0.0,0.0,0.011046
PCIE_UP6_N,F.Cu,0.205,62.312,64.7,62.312,64.606,In1.Cu,0.425267,,0.425267,0.011046,0.0,0.0,0.011046
PCIE_UP7_P,F.Cu,0.205,63.513,64.7,63.513,64.606,In1.Cu,0.425267,,0.425267,0.011046,0.0,0.0,0.011046
PCIE_UP7_N,F.Cu,0.205,64.112,64.7,64.112,64.606,In1.Cu,0.425267,,0.425267,0.011046,0.0,0.0,0.011046
PCIE_UP1_P,F.Cu,0.205,86.388,49.66,86.425,49.623,In1.Cu,0.0,,0.0,0.010872,0.0,0.0,0.010872
PCIE_UP1_P,F.Cu,0.205,86.425,49.56,86.463,49.523,In1.Cu,0.0,,0.0,0.010872,0.0,0.0,0.010872
PCIE_UP1_P,F.Cu,0.205,62.2,34.5,62.237,34.538,In1.Cu,0.0,,0.0,0.010872,0.0,0.0,0.010872
PCIE_UP1_P,F.Cu,0.205,86.463,49.46,86.5,49.422,In1.Cu,0.0,,0.0,0.010872,0.0,0.0,0.010872
PCIE_UP2_N,F.Cu,0.205,87.625,49.56,87.662,49.523,In1.Cu,0.0,,0.0,0.010872,0.0,0.0,0.010872
PCIE_UP2_N,F.Cu,0.205,87.588,49.66,87.625,49.623,In1.Cu,0.0,,0.0,0.010872,0.0,0.0,0.010872
PCIE_UP2_N,F.Cu,0.205,87.662,49.46,87.7,49.422,In1.Cu,0.0,,0.0,0.010872,0.0,0.0,0.010872
PCIE_DN3_P,F.Cu,0.205,88.787,57.74,88.825,57.778,In1.Cu,0.0,,0.0,0.010872,0.0,0.0,0.010872
PCIE_DN3_P,F.Cu,0.205,88.825,57.84,88.862,57.877,In1.Cu,0.0,,0.0,0.010872,0.0,0.0,0.010872
PCIE_DN3_P,F.Cu,0.205,88.862,57.94,88.9,57.977,In1.Cu,0.0,,0.0,0.010872,0.0,0.0,0.010872
PCIE_UP3_N,F.Cu,0.205,88.787,49.66,88.825,49.623,In1.Cu,0.0,,0.0,0.010872,0.0,0.0,0.010872
PCIE_UP3_N,F.Cu,0.205,88.862,49.46,88.9,49.422,In1.Cu,0.0,,0.0,0.010872,0.0,0.0,0.010872
PCIE_UP3_N,F.Cu,0.205,88.825,49.56,88.862,49.523,In1.Cu,0.0,,0.0,0.010872,0.0,0.0,0.010872
PCIE_DN_OUT4_P_MCIO,F.Cu,0.205,54.438,60.356,54.475,60.394,In1.Cu,0.0,,0.0,0.010872,0.0,0.0,0.010872
PCIE_DN_OUT4_P_MCIO,F.Cu,0.205,54.4,60.2,54.438,60.237,In1.Cu,0.0,,0.0,0.010872,0.0,0.0,0.010872
PCIE_UP4_N,F.Cu,0.205,55.0,65.0,55.038,64.963,In1.Cu,0.0,,0.0,0.010872,0.0,0.0,0.010872
PCIE_UP4_N,F.Cu,0.205,55.075,64.737,55.112,64.7,In1.Cu,0.0,,0.0,0.010872,0.0,0.0,0.010872
PCIE_UP4_N,F.Cu,0.205,55.038,64.869,55.075,64.831,In1.Cu,0.0,,0.0,0.010872,0.0,0.0,0.010872
PCIE_DN_OUT4_N_MCIO,F.Cu,0.205,55.0,60.2,55.038,60.237,In1.Cu,0.0,,0.0,0.010872,0.0,0.0,0.010872
PCIE_DN_OUT4_N_MCIO,F.Cu,0.205,55.038,60.356,55.075,60.394,In1.Cu,0.0,,0.0,0.010872,0.0,0.0,0.010872
PCIE_UP4_P,F.Cu,0.205,90.025,49.56,90.062,49.523,In1.Cu,0.0,,0.0,0.010872,0.0,0.0,0.010872
PCIE_UP4_P,F.Cu,0.205,54.475,64.737,54.513,64.7,In1.Cu,0.0,,0.0,0.010872,0.0,0.0,0.010872
PCIE_UP4_P,F.Cu,0.205,54.438,64.869,54.475,64.831,In1.Cu,0.0,,0.0,0.010872,0.0,0.0,0.010872
PCIE_UP4_P,F.Cu,0.205,90.062,49.46,90.1,49.422,In1.Cu,0.0,,0.0,0.010872,0.0,0.0,0.010872
PCIE_UP4_P,F.Cu,0.205,54.4,65.0,54.438,64.963,In1.Cu,0.0,,0.0,0.010872,0.0,0.0,0.010872
PCIE_UP4_P,F.Cu,0.205,89.987,49.66,90.025,49.623,In1.Cu,0.0,,0.0,0.010872,0.0,0.0,0.010872
PCIE_DN_OUT5_P_MCIO,F.Cu,0.205,56.2,60.2,56.237,60.237,In1.Cu,0.0,,0.0,0.010872,0.0,0.0,0.010872
PCIE_DN_OUT5_P_MCIO,F.Cu,0.205,56.237,60.356,56.275,60.394,In1.Cu,0.0,,0.0,0.010872,0.0,0.0,0.010872
PCIE_UP5_N,F.Cu,0.205,56.8,65.0,56.837,64.963,In1.Cu,0.0,,0.0,0.010872,0.0,0.0,0.010872
PCIE_UP5_N,F.Cu,0.205,56.837,64.869,56.875,64.831,In1.Cu,0.0,,0.0,0.010872,0.0,0.0,0.010872
PCIE_UP5_N,F.Cu,0.205,56.875,64.737,56.913,64.7,In1.Cu,0.0,,0.0,0.010872,0.0,0.0,0.010872
PCIE_DN_OUT5_N_MCIO,F.Cu,0.205,56.837,60.356,56.875,60.394,In1.Cu,0.0,,0.0,0.010872,0.0,0.0,0.010872
PCIE_DN_OUT5_N_MCIO,F.Cu,0.205,56.8,60.2,56.837,60.237,In1.Cu,0.0,,0.0,0.010872,0.0,0.0,0.010872
PCIE_UP5_P,F.Cu,0.205,56.275,64.737,56.312,64.7,In1.Cu,0.0,,0.0,0.010872,0.0,0.0,0.010872
PCIE_UP5_P,F.Cu,0.205,91.188,49.66,91.225,49.623,In1.Cu,0.0,,0.0,0.010872,0.0,0.0,0.010872
PCIE_UP5_P,F.Cu,0.205,56.237,64.869,56.275,64.831,In1.Cu,0.0,,0.0,0.010872,0.0,0.0,0.010872
PCIE_UP5_P,F.Cu,0.205,91.225,49.56,91.263,49.523,In1.Cu,0.0,,0.0,0.010872,0.0,0.0,0.010872
PCIE_UP5_P,F.Cu,0.205,91.263,49.46,91.3,49.422,In1.Cu,0.0,,0.0,0.010872,0.0,0.0,0.010872
PCIE_UP5_P,F.Cu,0.205,56.2,65.0,56.237,64.963,In1.Cu,0.0,,0.0,0.010872,0.0,0.0,0.010872
PCIE_DN_OUT6_P_MCIO,F.Cu,0.205,61.6,60.2,61.638,60.237,In1.Cu,0.0,,0.0,0.010872,0.0,0.0,0.010872
PCIE_DN_OUT6_P_MCIO,F.Cu,0.205,61.638,60.356,61.675,60.394,In1.Cu,0.0,,0.0,0.010872,0.0,0.0,0.010872
PCIE_UP6_P,F.Cu,0.205,61.675,64.737,61.712,64.7,In1.Cu,0.0,,0.0,0.010872,0.0,0.0,0.010872
PCIE_UP6_P,F.Cu,0.205,61.6,65.0,61.638,64.963,In1.Cu,0.0,,0.0,0.010872,0.0,0.0,0.010872
PCIE_UP6_P,F.Cu,0.205,61.638,64.869,61.675,64.831,In1.Cu,0.0,,0.0,0.010872,0.0,0.0,0.010872
PCIE_DN_OUT6_N_MCIO,F.Cu,0.205,62.2,60.2,62.237,60.237,In1.Cu,0.0,,0.0,0.010872,0.0,0.0,0.010872
PCIE_DN_OUT6_N_MCIO,F.Cu,0.205,62.237,60.356,62.275,60.394,In1.Cu,0.0,,0.0,0.010872,0.0,0.0,0.010872
PCIE_UP6_N,F.Cu,0.205,62.2,65.0,62.237,64.963,In1.Cu,0.0,,0.0,0.010872,0.0,0.0,0.010872
PCIE_UP6_N,F.Cu,0.205,62.275,64.737,62.312,64.7,In1.Cu,0.0,,0.0,0.010872,0.0,0.0,0.010872
PCIE_UP6_N,F.Cu,0.205,62.237,64.869,62.275,64.831,In1.Cu,0.0,,0.0,0.010872,0.0,0.0,0.010872
PCIE_DN_OUT7_P_MCIO,F.Cu,0.205,63.4,60.2,63.438,60.237,In1.Cu,0.0,,0.0,0.010872,0.0,0.0,0.010872
PCIE_DN_OUT7_P_MCIO,F.Cu,0.205,63.438,60.356,63.475,60.394,In1.Cu,0.0,,0.0,0.010872,0.0,0.0,0.010872
PCIE_UP7_P,F.Cu,0.205,63.475,64.737,63.513,64.7,In1.Cu,0.0,,0.0,0.010872,0.0,0.0,0.010872
PCIE_UP7_P,F.Cu,0.205,63.4,65.0,63.438,64.963,In1.Cu,0.0,,0.0,0.010872,0.0,0.0,0.010872
PCIE_UP7_P,F.Cu,0.205,63.438,64.869,63.475,64.831,In1.Cu,0.0,,0.0,0.010872,0.0,0.0,0.010872
PCIE_DN_OUT7_N_MCIO,F.Cu,0.205,64.0,60.2,64.037,60.237,In1.Cu,0.0,,0.0,0.010872,0.0,0.0,0.010872
PCIE_DN_OUT7_N_MCIO,F.Cu,0.205,64.037,60.356,64.075,60.394,In1.Cu,0.0,,0.0,0.010872,0.0,0.0,0.010872
PCIE_DN7_P,F.Cu,0.205,93.625,57.84,93.662,57.877,In1.Cu,0.0,,0.0,0.010872,0.0,0.0,0.010872
PCIE_DN7_P,F.Cu,0.205,93.588,57.74,93.625,57.778,In1.Cu,0.0,,0.0,0.010872,0.0,0.0,0.010872
PCIE_DN7_P,F.Cu,0.205,93.662,57.94,93.7,57.977,In1.Cu,0.0,,0.0,0.010872,0.0,0.0,0.010872
PCIE_UP7_N,F.Cu,0.205,64.037,64.869,64.075,64.831,In1.Cu,0.0,,0.0,0.010872,0.0,0.0,0.010872
PCIE_UP7_N,F.Cu,0.205,64.0,65.0,64.037,64.963,In1.Cu,0.0,,0.0,0.010872,0.0,0.0,0.010872
PCIE_UP7_N,F.Cu,0.205,64.075,64.737,64.112,64.7,In1.Cu,0.0,,0.0,0.010872,0.0,0.0,0.010872
PCIE_UP0_P,F.Cu,0.205,85.263,49.46,85.3,49.422,In1.Cu,0.0,,0.0,0.010872,0.0,0.0,0.010872
PCIE_UP0_P,F.Cu,0.205,85.188,49.66,85.225,49.623,In1.Cu,0.0,,0.0,0.010872,0.0,0.0,0.010872
PCIE_UP0_P,F.Cu,0.205,85.225,49.56,85.263,49.523,In1.Cu,0.0,,0.0,0.010872,0.0,0.0,0.010872
PCIE_UP1_N,F.Cu,0.205,61.6,34.5,61.638,34.538,In1.Cu,0.0,,0.0,0.010872,0.0,0.0,0.010872
PCIE_DN_OUT2_P_MCIO,F.Cu,0.205,58.0,51.5,57.964,51.464,In1.Cu,0.0,,0.0,0.010437,0.0,0.0,0.010437
PCIE_DN_OUT2_P_MCIO,F.Cu,0.205,57.964,51.27,57.928,51.234,In1.Cu,0.0,,0.0,0.010437,0.0,0.0,0.010437
PCIE_DN_OUT2_N_MCIO,F.Cu,0.205,57.364,51.27,57.328,51.234,In1.Cu,0.0,,0.0,0.010437,0.0,0.0,0.010437
PCIE_DN_OUT2_N_MCIO,F.Cu,0.205,57.4,51.5,57.364,51.464,In1.Cu,0.0,,0.0,0.010437,0.0,0.0,0.010437
PCIE_DN_OUT0_P_MCIO,F.Cu,0.205,65.164,51.27,65.128,51.234,In1.Cu,0.0,,0.0,0.010437,0.0,0.0,0.010437
PCIE_DN_OUT0_P_MCIO,F.Cu,0.205,65.2,51.5,65.164,51.464,In1.Cu,0.0,,0.0,0.010437,0.0,0.0,0.010437
PCIE_UP0_N,F.Cu,0.205,64.6,34.5,64.564,34.536,In1.Cu,0.0,,0.0,0.010437,0.0,0.0,0.010437
PCIE_DN_OUT0_N_MCIO,F.Cu,0.205,64.564,51.27,64.528,51.234,In1.Cu,0.0,,0.0,0.010437,0.0,0.0,0.010437
PCIE_DN_OUT0_N_MCIO,F.Cu,0.205,64.6,51.5,64.564,51.464,In1.Cu,0.0,,0.0,0.010437,0.0,0.0,0.010437
PCIE_UP_OUT1_P_J2,F.Cu,0.205,127.59,43.85,127.626,43.886,In1.Cu,0.0,,0.0,0.010354,0.0,0.0,0.010354
PCIE_DN_OUT1_N_MCIO,F.Cu,0.205,60.436,51.363,60.471,51.327,In1.Cu,0.0,,0.0,0.010354,0.0,0.0,0.010354
PCIE_DN_OUT1_N_MCIO,F.Cu,0.205,60.4,51.5,60.436,51.464,In1.Cu,0.0,,0.0,0.010354,0.0,0.0,0.010354
PCIE_DN1_N,F.Cu,0.205,126.43,55.25,126.466,55.286,In1.Cu,0.0,,0.0,0.010354,0.0,0.0,0.010354
PCIE_UP_OUT2_N_J2,F.Cu,0.205,129.33,46.85,129.366,46.886,In1.Cu,0.0,,0.0,0.010354,0.0,0.0,0.010354
PCIE_DN2_N,F.Cu,0.205,141.22,57.65,141.184,57.686,In1.Cu,0.0,,0.0,0.010354,0.0,0.0,0.010354
PCIE_UP_OUT2_P_J2,F.Cu,0.205,137.16,46.25,137.124,46.286,In1.Cu,0.0,,0.0,0.010354,0.0,0.0,0.010354
PCIE_DN_OUT3_P_MCIO,F.Cu,0.205,53.8,51.5,53.836,51.464,In1.Cu,0.0,,0.0,0.010354,0.0,0.0,0.010354
PCIE_DN_OUT3_P_MCIO,F.Cu,0.205,53.836,51.363,53.871,51.327,In1.Cu,0.0,,0.0,0.010354,0.0,0.0,0.010354
PCIE_UP_OUT3_P_J2,F.Cu,0.205,130.49,47.45,130.526,47.486,In1.Cu,0.0,,0.0,0.010354,0.0,0.0,0.010354
PCIE_DN_OUT3_N_MCIO,F.Cu,0.205,53.236,51.363,53.271,51.327,In1.Cu,0.0,,0.0,0.010354,0.0,0.0,0.010354
PCIE_DN_OUT3_N_MCIO,F.Cu,0.205,53.2,51.5,53.236,51.464,In1.Cu,0.0,,0.0,0.010354,0.0,0.0,0.010354
PCIE_UP_OUT4_P_J2,F.Cu,0.205,140.06,48.05,140.024,48.086,In1.Cu,0.0,,0.0,0.010354,0.0,0.0,0.010354
PCIE_UP_OUT5_N_J2,F.Cu,0.205,138.9,49.25,138.864,49.286,In1.Cu,0.0,,0.0,0.010354,0.0,0.0,0.010354
PCIE_UP_OUT5_P_J2,F.Cu,0.205,128.75,49.25,128.786,49.286,In1.Cu,0.0,,0.0,0.010354,0.0,0.0,0.010354
PCIE_UP_OUT6_N_J2,F.Cu,0.205,129.91,52.25,129.946,52.286,In1.Cu,0.0,,0.0,0.010354,0.0,0.0,0.010354
PCIE_UP_OUT6_P_J2,F.Cu,0.205,137.74,51.65,137.704,51.686,In1.Cu,0.0,,0.0,0.010354,0.0,0.0,0.010354
PCIE_DN6_P,F.Cu,0.205,130.49,63.05,130.526,63.086,In1.Cu,0.0,,0.0,0.010354,0.0,0.0,0.010354
PCIE_UP_OUT7_N_J2,F.Cu,0.205,136.354,52.886,136.319,52.921,In1.Cu,0.0,,0.0,0.010354,0.0,0.0,0.010354
PCIE_UP_OUT7_N_J2,F.Cu,0.205,136.58,52.85,136.544,52.886,In1.Cu,0.0,,0.0,0.010354,0.0,0.0,0.010354
PCIE_UP_OUT7_P_J2,F.Cu,0.205,131.07,52.85,131.106,52.886,In1.Cu,0.0,,0.0,0.010354,0.0,0.0,0.010354
PCIE_UP_OUT7_P_J2,F.Cu,0.205,131.296,52.886,131.331,52.921,In1.Cu,0.0,,0.0,0.010354,0.0,0.0,0.010354
PCIE_UP_OUT0_N_J2,F.Cu,0.205,127.01,43.25,127.046,43.286,In1.Cu,0.0,,0.0,0.010354,0.0,0.0,0.010354
PCIE_DN0_P,F.Cu,0.205,125.85,54.05,125.886,54.086,In1.Cu,0.0,,0.0,0.010354,0.0,0.0,0.010354
PCIE_UP_OUT0_P_J2,F.Cu,0.205,141.22,42.65,141.184,42.686,In1.Cu,0.0,,0.0,0.010354,0.000505,0.0,0.009849
PCIE_DN0_N,F.Cu,0.205,142.38,54.05,142.344,54.086,In1.Cu,0.0,,0.0,0.010354,0.0,0.0,0.010354
PCIE_UP_OUT1_N_J2,F.Cu,0.205,139.48,43.85,139.444,43.886,In1.Cu,0.0,,0.0,0.010354,0.0,0.0,0.010354
PCIE_DN_OUT1_P_MCIO,F.Cu,0.205,61.036,51.363,61.071,51.327,In1.Cu,0.0,,0.0,0.010354,0.0,0.0,0.010354
PCIE_DN_OUT1_P_MCIO,F.Cu,0.205,61.0,51.5,61.036,51.464,In1.Cu,0.0,,0.0,0.010354,0.0,0.0,0.010354
PCIE_DN1_P,F.Cu,0.205,141.8,54.65,141.764,54.686,In1.Cu,0.0,,0.0,0.010354,0.0,0.0,0.010354
PCIE_DN6_N,F.Cu,0.205,136.887,63.05,136.851,63.086,In1.Cu,0.002977,,0.002977,0.010323,0.0,0.0,0.010323
PCIE_DN_OUT1_N_MCIO,F.Cu,0.205,60.471,51.226,60.507,51.19,In1.Cu,0.004088,,0.004088,0.010312,0.0,0.0,0.010312
PCIE_DN_OUT3_P_MCIO,F.Cu,0.205,53.871,51.226,53.907,51.19,In1.Cu,0.004088,,0.004088,0.010312,0.0,0.0,0.010312
PCIE_DN_OUT3_N_MCIO,F.Cu,0.205,53.271,51.226,53.307,51.19,In1.Cu,0.004088,,0.004088,0.010312,0.0,0.0,0.010312
PCIE_DN_OUT1_P_MCIO,F.Cu,0.205,61.071,51.226,61.107,51.19,In1.Cu,0.004088,,0.004088,0.010312,0.0,0.0,0.010312
PCIE_UP_OUT1_P_J2,F.Cu,0.205,86.125,55.055,86.125,55.005,In1.Cu,0.0,,0.0,0.01025,0.0,0.0,0.01025
PCIE_UP_OUT1_P_J2,F.Cu,0.205,86.05,54.93,86.05,54.88,In1.Cu,0.0,,0.0,0.01025,0.0,0.0,0.01025
PCIE_DN_OUT1_N_MCIO,F.Cu,0.205,86.05,51.473,86.05,51.423,In1.Cu,0.0,,0.0,0.01025,0.0,0.0,0.01025
PCIE_DN_OUT1_N_MCIO,F.Cu,0.205,86.125,51.598,86.125,51.548,In1.Cu,0.0,,0.0,0.01025,0.0,0.0,0.01025
PCIE_UP_OUT2_P_J2,F.Cu,0.205,87.325,55.055,87.325,55.005,In1.Cu,0.0,,0.0,0.01025,0.0,0.0,0.01025
PCIE_UP_OUT2_P_J2,F.Cu,0.205,87.25,54.93,87.25,54.88,In1.Cu,0.0,,0.0,0.01025,0.0,0.0,0.01025
PCIE_DN_OUT2_N_MCIO,F.Cu,0.205,87.325,51.598,87.325,51.548,In1.Cu,0.0,,0.0,0.01025,0.0,0.0,0.01025
PCIE_DN_OUT2_N_MCIO,F.Cu,0.205,87.25,51.473,87.25,51.423,In1.Cu,0.0,,0.0,0.01025,0.0,0.0,0.01025
PCIE_DN2_P,F.Cu,0.205,87.67,57.86,87.67,57.91,In1.Cu,0.0,,0.0,0.01025,0.0,0.0,0.01025
PCIE_DN2_P,F.Cu,0.205,87.71,57.95,87.71,58.0,In1.Cu,0.0,,0.0,0.01025,0.0,0.0,0.01025
PCIE_DN2_P,F.Cu,0.205,87.75,58.04,87.75,58.09,In1.Cu,0.0,,0.0,0.01025,0.0,0.0,0.01025
PCIE_UP_OUT3_P_J2,F.Cu,0.205,88.45,54.93,88.45,54.88,In1.Cu,0.0,,0.0,0.01025,0.0,0.0,0.01025
PCIE_UP_OUT3_P_J2,F.Cu,0.205,88.525,55.055,88.525,55.005,In1.Cu,0.0,,0.0,0.01025,0.0,0.0,0.01025
PCIE_DN_OUT3_N_MCIO,F.Cu,0.205,88.45,51.473,88.45,51.423,In1.Cu,0.0,,0.0,0.01025,0.0,0.0,0.01025
PCIE_DN_OUT3_N_MCIO,F.Cu,0.205,88.525,51.598,88.525,51.548,In1.Cu,0.0,,0.0,0.01025,0.0,0.0,0.01025
PCIE_UP_OUT4_P_J2,F.Cu,0.205,89.65,54.93,89.65,54.88,In1.Cu,0.0,,0.0,0.01025,0.0,0.0,0.01025
PCIE_UP_OUT4_P_J2,F.Cu,0.205,89.725,55.055,89.725,55.005,In1.Cu,0.0,,0.0,0.01025,0.0,0.0,0.01025
PCIE_DN_OUT4_N_MCIO,F.Cu,0.205,89.725,51.598,89.725,51.548,In1.Cu,0.0,,0.0,0.01025,0.0,0.0,0.01025
PCIE_DN_OUT4_N_MCIO,F.Cu,0.205,89.65,51.473,89.65,51.423,In1.Cu,0.0,,0.0,0.01025,0.0,0.0,0.01025
PCIE_UP_OUT5_P_J2,F.Cu,0.205,90.925,55.055,90.925,55.005,In1.Cu,0.0,,0.0,0.01025,0.0,0.0,0.01025
PCIE_UP_OUT5_P_J2,F.Cu,0.205,90.85,54.93,90.85,54.88,In1.Cu,0.0,,0.0,0.01025,0.0,0.0,0.01025
PCIE_DN_OUT5_N_MCIO,F.Cu,0.205,90.85,51.473,90.85,51.423,In1.Cu,0.0,,0.0,0.01025,0.0,0.0,0.01025
PCIE_DN_OUT5_N_MCIO,F.Cu,0.205,90.925,51.598,90.925,51.548,In1.Cu,0.0,,0.0,0.01025,0.0,0.0,0.01025
PCIE_UP_OUT6_P_J2,F.Cu,0.205,92.125,55.055,92.125,55.005,In1.Cu,0.0,,0.0,0.01025,0.0,0.0,0.01025
PCIE_UP_OUT6_P_J2,F.Cu,0.205,92.05,54.93,92.05,54.88,In1.Cu,0.0,,0.0,0.01025,0.0,0.0,0.01025
PCIE_DN_OUT6_N_MCIO,F.Cu,0.205,92.125,51.598,92.125,51.548,In1.Cu,0.0,,0.0,0.01025,0.0,0.0,0.01025
PCIE_DN_OUT6_N_MCIO,F.Cu,0.205,92.05,51.473,92.05,51.423,In1.Cu,0.0,,0.0,0.01025,0.0,0.0,0.01025
PCIE_DN6_P,F.Cu,0.205,92.47,57.86,92.47,57.91,In1.Cu,0.0,,0.0,0.01025,0.0,0.0,0.01025
PCIE_DN6_P,F.Cu,0.205,92.55,58.04,92.55,58.09,In1.Cu,0.0,,0.0,0.01025,0.0,0.0,0.01025
PCIE_DN6_P,F.Cu,0.205,92.51,57.95,92.51,58.0,In1.Cu,0.0,,0.0,0.01025,0.0,0.0,0.01025
PCIE_UP_OUT0_P_J2,F.Cu,0.205,84.925,55.055,84.925,55.005,In1.Cu,0.0,,0.0,0.01025,0.0,0.0,0.01025
PCIE_UP_OUT0_P_J2,F.Cu,0.205,84.85,54.93,84.85,54.88,In1.Cu,0.0,,0.0,0.01025,0.0,0.0,0.01025
PCIE_DN_OUT0_N_MCIO,F.Cu,0.205,84.85,51.473,84.85,51.423,In1.Cu,0.0,,0.0,0.01025,0.0,0.0,0.01025
PCIE_DN_OUT0_N_MCIO,F.Cu,0.205,84.925,51.598,84.925,51.548,In1.Cu,0.0,,0.0,0.01025,0.0,0.0,0.01025
PCIE_UP1_P,F.Cu,0.205,86.388,49.722,86.388,49.66,In1.Cu,0.202529,,0.202529,0.010218,0.0,0.0,0.010218
PCIE_UP2_N,F.Cu,0.205,87.588,49.722,87.588,49.66,In1.Cu,0.202529,,0.202529,0.010218,0.0,0.0,0.010218
PCIE_DN3_P,F.Cu,0.205,88.787,57.678,88.787,57.74,In1.Cu,0.202524,,0.202524,0.010218,0.0,0.0,0.010218
PCIE_UP3_N,F.Cu,0.205,88.787,49.722,88.787,49.66,In1.Cu,0.202529,,0.202529,0.010218,0.0,0.0,0.010218
PCIE_UP4_P,F.Cu,0.205,89.987,49.722,89.987,49.66,In1.Cu,0.202529,,0.202529,0.010218,0.0,0.0,0.010218
PCIE_UP5_P,F.Cu,0.205,91.188,49.722,91.188,49.66,In1.Cu,0.202529,,0.202529,0.010218,0.0,0.0,0.010218
PCIE_DN7_P,F.Cu,0.205,93.588,57.678,93.588,57.74,In1.Cu,0.202524,,0.202524,0.010218,0.0,0.0,0.010218
PCIE_UP0_P,F.Cu,0.205,85.188,49.722,85.188,49.66,In1.Cu,0.202529,,0.202529,0.010218,0.0,0.0,0.010218
PCIE_DN2_P,F.Cu,0.205,87.63,57.77,87.63,57.82,In1.Cu,0.018683,,0.018683,0.010059,0.0,0.0,0.010059
PCIE_DN6_P,F.Cu,0.205,92.43,57.77,92.43,57.82,In1.Cu,0.018683,,0.018683,0.010059,0.0,0.0,0.010059
PCIE_UP2_P,F.Cu,0.205,59.158,34.808,59.116,34.85,In1.Cu,0.180447,,0.180447,0.009979,0.0,0.0,0.009979
PCIE_UP2_N,F.Cu,0.205,58.557,34.814,58.514,34.857,In1.Cu,0.230283,,0.230283,0.009564,0.0,0.0,0.009564
PCIE_DN_OUT1_N_MCIO,F.Cu,0.205,60.507,51.19,60.507,51.089,In1.Cu,0.545029,,0.545029,0.009438,0.0,0.0,0.009438
PCIE_DN_OUT3_P_MCIO,F.Cu,0.205,53.907,51.19,53.907,51.089,In1.Cu,0.545029,,0.545029,0.009438,0.0,0.0,0.009438
PCIE_DN_OUT3_N_MCIO,F.Cu,0.205,53.307,51.19,53.307,51.089,In1.Cu,0.545029,,0.545029,0.009438,0.0,0.0,0.009438
PCIE_DN_OUT1_P_MCIO,F.Cu,0.205,61.107,51.19,61.107,51.089,In1.Cu,0.545029,,0.545029,0.009438,0.0,0.0,0.009438
PCIE_UP_OUT2_P_J2,F.Cu,0.205,136.851,46.286,136.816,46.321,In1.Cu,0.161493,,0.161493,0.008682,0.0,0.0,0.008682
PCIE_UP_OUT3_P_J2,F.Cu,0.205,130.799,47.486,130.834,47.521,In1.Cu,0.161486,,0.161486,0.008682,0.0,0.0,0.008682
PCIE_DN6_P,F.Cu,0.205,130.799,63.086,130.834,63.121,In1.Cu,0.161486,,0.161486,0.008682,0.0,0.0,0.008682
PCIE_DN_OUT4_P_MCIO,F.Cu,0.205,54.475,60.513,54.513,60.55,In1.Cu,0.218493,,0.218493,0.008496,0.0,0.0,0.008496
PCIE_DN_OUT4_N_MCIO,F.Cu,0.205,55.075,60.513,55.112,60.55,In1.Cu,0.218493,,0.218493,0.008496,0.0,0.0,0.008496
PCIE_DN_OUT5_P_MCIO,F.Cu,0.205,56.275,60.513,56.312,60.55,In1.Cu,0.218493,,0.218493,0.008496,0.0,0.0,0.008496
PCIE_DN_OUT5_N_MCIO,F.Cu,0.205,56.875,60.513,56.913,60.55,In1.Cu,0.218493,,0.218493,0.008496,0.0,0.0,0.008496
PCIE_DN_OUT6_P_MCIO,F.Cu,0.205,61.675,60.513,61.712,60.55,In1.Cu,0.218493,,0.218493,0.008496,0.0,0.0,0.008496
PCIE_DN_OUT6_N_MCIO,F.Cu,0.205,62.275,60.513,62.312,60.55,In1.Cu,0.218493,,0.218493,0.008496,0.0,0.0,0.008496
PCIE_DN_OUT7_P_MCIO,F.Cu,0.205,63.475,60.513,63.513,60.55,In1.Cu,0.218493,,0.218493,0.008496,0.0,0.0,0.008496
PCIE_DN_OUT7_N_MCIO,F.Cu,0.205,64.075,60.513,64.112,60.55,In1.Cu,0.218493,,0.218493,0.008496,0.0,0.0,0.008496
PCIE_DN3_P,F.Cu,0.205,140.39,58.5,135.0,58.5,In1.Cu,0.99325,,0.99325,0.007458,0.0,0.0,0.007458
PCIE_DN4_P,F.Cu,0.205,128.42,59.7,132.65,59.7,In1.Cu,0.991399,,0.991399,0.007458,0.0,0.0,0.007458
PCIE_DN5_P,F.Cu,0.205,138.07,60.3,135.0,60.3,In1.Cu,0.98815,,0.98815,0.007458,0.0,0.0,0.007458
PCIE_DN5_N,F.Cu,0.205,129.58,60.9,132.65,60.9,In1.Cu,0.98815,,0.98815,0.007458,0.0,0.0,0.007458
PCIE_DN2_P,F.Cu,0.205,87.59,57.73,87.63,57.77,In1.Cu,0.421424,,0.421424,0.006709,0.0,0.0,0.006709
PCIE_DN6_P,F.Cu,0.205,92.39,57.73,92.43,57.77,In1.Cu,0.421424,,0.421424,0.006709,0.0,0.0,0.006709
PCIE_UP0_N,F.Cu,0.205,64.564,34.85,64.528,34.886,In1.Cu,0.467438,,0.467438,0.005558,0.0,0.0,0.005558
PCIE_UP_OUT2_P_J2,F.Cu,0.205,136.816,46.321,136.543,46.321,In1.Cu,0.923144,,0.923144,0.004299,0.0,0.0,0.004299
PCIE_UP_OUT3_P_J2,F.Cu,0.205,130.834,47.521,131.107,47.521,In1.Cu,0.923144,,0.923144,0.004299,0.0,0.0,0.004299
PCIE_DN6_P,F.Cu,0.205,130.834,63.121,131.107,63.121,In1.Cu,0.923144,,0.923144,0.004299,0.0,0.0,0.004299
PCIE_UP2_P,F.Cu,0.205,59.116,34.85,59.116,34.983,In1.Cu,0.89196,,0.89196,0.002946,0.0,0.0,0.002946
PCIE_DN_OUT4_P_MCIO,F.Cu,0.205,54.513,60.55,54.513,60.669,In1.Cu,0.908848,,0.908848,0.002219,0.0,0.0,0.002219
PCIE_DN_OUT4_N_MCIO,F.Cu,0.205,55.112,60.55,55.112,60.669,In1.Cu,0.908848,,0.908848,0.002219,0.0,0.0,0.002219
PCIE_DN_OUT5_P_MCIO,F.Cu,0.205,56.312,60.55,56.312,60.669,In1.Cu,0.908848,,0.908848,0.002219,0.0,0.0,0.002219
PCIE_DN_OUT5_N_MCIO,F.Cu,0.205,56.913,60.55,56.913,60.669,In1.Cu,0.908848,,0.908848,0.002219,0.0,0.0,0.002219
PCIE_DN_OUT6_P_MCIO,F.Cu,0.205,61.712,60.55,61.712,60.669,In1.Cu,0.908848,,0.908848,0.002219,0.0,0.0,0.002219
PCIE_DN_OUT6_N_MCIO,F.Cu,0.205,62.312,60.55,62.312,60.669,In1.Cu,0.908848,,0.908848,0.002219,0.0,0.0,0.002219
PCIE_DN_OUT7_P_MCIO,F.Cu,0.205,63.513,60.55,63.513,60.669,In1.Cu,0.908848,,0.908848,0.002219,0.0,0.0,0.002219
PCIE_DN_OUT7_N_MCIO,F.Cu,0.205,64.112,60.55,64.112,60.669,In1.Cu,0.908848,,0.908848,0.002219,0.0,0.0,0.002219
PCIE_UP2_N,F.Cu,0.205,58.514,34.857,58.514,34.993,In1.Cu,0.933721,,0.933721,0.001844,0.0,0.0,0.001844
PCIE_UP1_P,F.Cu,0.205,86.35,49.76,86.388,49.722,In1.Cu,0.83156,,0.83156,0.001831,0.0,0.0,0.001831
PCIE_UP2_N,F.Cu,0.205,87.55,49.76,87.588,49.722,In1.Cu,0.83156,,0.83156,0.001831,0.0,0.0,0.001831
PCIE_DN3_P,F.Cu,0.205,88.75,57.64,88.787,57.678,In1.Cu,0.831568,,0.831568,0.001831,0.0,0.0,0.001831
PCIE_UP3_N,F.Cu,0.205,88.75,49.76,88.787,49.722,In1.Cu,0.83156,,0.83156,0.001831,0.0,0.0,0.001831
PCIE_UP4_P,F.Cu,0.205,89.95,49.76,89.987,49.722,In1.Cu,0.83156,,0.83156,0.001831,0.0,0.0,0.001831
PCIE_UP5_P,F.Cu,0.205,91.15,49.76,91.188,49.722,In1.Cu,0.83156,,0.83156,0.001831,0.0,0.0,0.001831
PCIE_DN7_P,F.Cu,0.205,93.55,57.64,93.588,57.678,In1.Cu,0.831568,,0.831568,0.001831,0.0,0.0,0.001831
PCIE_UP0_P,F.Cu,0.205,85.15,49.76,85.188,49.722,In1.Cu,0.83156,,0.83156,0.001831,0.0,0.0,0.001831
PCIE_UP_OUT6_N_J2,F.Cu,0.205,130.301,52.286,130.337,52.321,In1.Cu,0.826759,,0.826759,0.001794,0.0,0.0,0.001794
PCIE_UP_OUT6_P_J2,F.Cu,0.205,137.349,51.686,137.313,51.721,In1.Cu,0.826763,,0.826763,0.001794,0.0,0.0,0.001794
PCIE_UP_OUT4_N_J2,In5.Cu,0.16,89.1,62.13,103.58,62.13,In4.Cu,0.999454,0.999454,0.973715,0.001266,0.0,0.0,0.001266
PCIE_UP_OUT6_N_J2,F.Cu,0.205,131.12,52.393,131.476,52.393,In1.Cu,0.989028,,0.989028,0.0008,0.0,0.0,0.0008
PCIE_DN6_N,F.Cu,0.205,135.926,63.193,135.653,63.193,In1.Cu,0.993274,,0.993274,0.000376,0.0,0.0,0.000376
PCIE_DN2_P,F.Cu,0.205,87.59,57.68,87.59,57.73,In1.Cu,0.967608,,0.967608,0.000332,0.0,0.0,0.000332
PCIE_DN6_P,F.Cu,0.205,92.39,57.68,92.39,57.73,In1.Cu,0.967608,,0.967608,0.000332,0.0,0.0,0.000332
PCIE_UP4_N,F.Cu,0.205,55.112,64.606,55.15,64.569,In1.Cu,0.995794,,0.995794,4.6e-05,0.0,0.0,4.6e-05
PCIE_UP4_P,F.Cu,0.205,54.513,64.606,54.55,64.569,In1.Cu,0.995794,,0.995794,4.6e-05,0.0,0.0,4.6e-05
PCIE_UP5_N,F.Cu,0.205,56.913,64.606,56.95,64.569,In1.Cu,0.995794,,0.995794,4.6e-05,0.0,0.0,4.6e-05
PCIE_UP5_P,F.Cu,0.205,56.312,64.606,56.35,64.569,In1.Cu,0.995794,,0.995794,4.6e-05,0.0,0.0,4.6e-05
PCIE_UP6_P,F.Cu,0.205,61.712,64.606,61.75,64.569,In1.Cu,0.995794,,0.995794,4.6e-05,0.0,0.0,4.6e-05
PCIE_UP6_N,F.Cu,0.205,62.312,64.606,62.35,64.569,In1.Cu,0.995794,,0.995794,4.6e-05,0.0,0.0,4.6e-05
PCIE_UP7_P,F.Cu,0.205,63.513,64.606,63.55,64.569,In1.Cu,0.995794,,0.995794,4.6e-05,0.0,0.0,4.6e-05
PCIE_UP7_N,F.Cu,0.205,64.112,64.606,64.15,64.569,In1.Cu,0.995794,,0.995794,4.6e-05,0.0,0.0,4.6e-05
