Designator,Mid X,Mid Y,Layer,Rotation
C73,28.0000,-47.9000,Top,0.0
C74,91.0000,-40.0000,Top,0.0
C75,91.0000,-41.0000,Top,0.0
C76,91.0000,-42.0000,Top,0.0
C77,91.0000,-43.0000,Top,0.0
C78,91.0000,-38.5000,Top,0.0
C79,91.0000,-61.0000,Top,0.0
C80,91.0000,-59.0000,Top,0.0
C81,91.0000,-60.0000,Top,0.0
C82,91.0000,-64.0000,Top,0.0
C83,91.0000,-62.0000,Top,0.0
C84,44.0000,-40.0000,Top,0.0
C85,29.7000,-54.5000,Top,180.0
C86,31.5500,-58.8500,Top,0.0
C87,44.0000,-35.0000,Top,0.0
C88,29.5000,-41.5000,Top,0.0
C90,30.0000,-53.0000,Top,0.0
D1,48.5000,-66.5000,Top,0.0
D2,38.7000,-34.6000,Top,0.0
E2,44.0000,-60.0000,Top,0.0
J2,133.8250,-53.7000,Top,0.0
J3,59.5000,-44.5000,Top,180.0
J4,59.5000,-62.7000,Top,0.0
J6,27.9400,-39.6600,Top,90.0
J9,27.9400,-55.9600,Top,90.0
J11,27.9400,-65.3800,Top,90.0
J12,27.9400,-35.3200,Top,90.0
J13,27.9400,-46.5400,Top,90.0
L1,33.0000,-40.2000,Top,0.0
R1,50.5000,-37.0000,Top,0.0
R3,53.5000,-37.0000,Top,0.0
R21,45.5000,-66.5000,Top,0.0
R28,50.5000,-41.0000,Top,0.0
R29,53.5000,-41.0000,Top,0.0
R31,55.5000,-66.5000,Top,0.0
R32,55.5000,-67.5000,Top,0.0
R33,55.5000,-68.5000,Top,0.0
R34,55.5000,-69.5000,Top,0.0
R35,83.6000,-61.5500,Top,0.0
R36,100.4000,-59.5500,Top,0.0
R37,103.4000,-59.5500,Top,0.0
R38,103.4000,-61.5500,Top,0.0
R39,100.4000,-61.5500,Top,0.0
R40,29.5000,-38.2000,Top,0.0
R41,29.5000,-34.0000,Top,0.0
R42,93.3000,-61.5500,Top,0.0
R43,83.6000,-59.5500,Top,0.0
R44,86.6000,-61.5500,Top,0.0
R45,93.3000,-59.5500,Top,0.0
U1,36.0000,-52.0000,Top,0.0
U2,33.0000,-37.0000,Top,0.0
U4,40.0000,-37.0000,Top,0.0
U5,44.5000,-52.0000,Top,0.0
U6,93.8000,-53.7000,Top,90.0
