Ref,Val,Package,PosX,PosY,Rot,Side
"C73","100nF","C_0402_1005Metric__3",28.000000,-47.900000,0.000000,top
"C74","100nF","C_0402_1005Metric__1",91.000000,-40.000000,0.000000,top
"C75","100nF","C_0402_1005Metric__1",91.000000,-41.000000,0.000000,top
"C76","100nF","C_0402_1005Metric__1",91.000000,-42.000000,0.000000,top
"C77","100nF","C_0402_1005Metric__1",91.000000,-43.000000,0.000000,top
"C78","1uF","C_0603_1608Metric",91.000000,-38.500000,0.000000,top
"C79","100nF","C_0402_1005Metric__1",91.000000,-61.000000,0.000000,top
"C80","100nF","C_0402_1005Metric__1",91.000000,-59.000000,0.000000,top
"C81","100nF","C_0402_1005Metric__1",91.000000,-60.000000,0.000000,top
"C82","100nF","C_0402_1005Metric__1",91.000000,-64.000000,0.000000,top
"C83","1uF","C_0603_1608Metric",91.000000,-62.000000,0.000000,top
"C84","10uF","C_0805_2012Metric",44.000000,-40.000000,0.000000,top
"C85","100nF","C_0402_1005Metric__2",29.700000,-54.500000,180.000000,top
"C86","4.7uF","C_0603_1608Metric",31.550000,-58.850000,0.000000,top
"C87","100nF","C_0402_1005Metric__1",44.000000,-35.000000,0.000000,top
"C88","1uF","C_0603_1608Metric",29.500000,-41.500000,0.000000,top
"C90","100nF","C_0402_1005Metric__1",30.000000,-53.000000,0.000000,top
"D1","LED","LED_0603_1608Metric",48.500000,-66.500000,0.000000,top
"D2","SS34","D_SMA",38.700000,-34.600000,0.000000,top
"E2","FRU_EEPROM","SOIC8_FRU",44.000000,-60.000000,0.000000,top
"J2","SlimSAS_x8_SFF8654","SlimSAS_x8_SFF-8654_74pin_RASide",133.825000,-53.700000,0.000000,top
"J3","MCIO_4i_SFF1016","MCIO_4i_SFF-1016_RASide__1",59.500000,-44.500000,180.000000,top
"J4","MCIO_4i_SFF1016","MCIO_4i_SFF-1016_RASide__2",59.500000,-62.700000,0.000000,top
"J6","J_PWR_CTRL","PinHeader_1x02",27.940000,-39.660000,90.000000,top
"J9","J_OOB_HEADER","PinHeader_1x04",27.940000,-55.960000,90.000000,top
"J11","J_EC_HEADER","PinHeader_1x04",27.940000,-65.380000,90.000000,top
"J12","J_12V_IN","PinHeader_1x02",27.940000,-35.320000,90.000000,top
"J13","J_SWD","PinHeader_1x04",27.940000,-46.540000,90.000000,top
"L1","10µH","L_0805_2012Metric",33.000000,-40.200000,0.000000,top
"R1","10K","R_0603_1608Metric__1",50.500000,-37.000000,0.000000,top
"R3","220R","R_0603_1608Metric__1",53.500000,-37.000000,0.000000,top
"R21","1K","R_0603_1608Metric__1",45.500000,-66.500000,0.000000,top
"R28","10K","R_0603_1608Metric__1",50.500000,-41.000000,0.000000,top
"R29","10K","R_0603_1608Metric__1",53.500000,-41.000000,0.000000,top
"R31","4.7k","R_0603_1608Metric__1",55.500000,-66.500000,0.000000,top
"R32","4.7k","R_0603_1608Metric__1",55.500000,-67.500000,0.000000,top
"R33","4.7k","R_0603_1608Metric__1",55.500000,-68.500000,0.000000,top
"R34","4.7k","R_0603_1608Metric__1",55.500000,-69.500000,0.000000,top
"R35","R_6K19","R_0603_1608Metric__2",83.600000,-61.550000,0.000000,top
"R36","1K","R_0603_1608Metric__2",100.400000,-59.550000,0.000000,top
"R37","1K","R_0603_1608Metric__2",103.400000,-59.550000,0.000000,top
"R38","R_8K25","R_0603_1608Metric__2",103.400000,-61.550000,0.000000,top
"R39","1K","R_0603_1608Metric__2",100.400000,-61.550000,0.000000,top
"R40","10K","R_0402_1005Metric__2",29.500000,-38.200000,0.000000,top
"R41","5.6k","R_0402_1005Metric__1",29.500000,-34.000000,0.000000,top
"R42","1K","R_0603_1608Metric__2",93.300000,-61.550000,0.000000,top
"R43","1K","R_0603_1608Metric__2",83.600000,-59.550000,0.000000,top
"R44","1K","R_0603_1608Metric__2",86.600000,-61.550000,0.000000,top
"R45","1K","R_0603_1608Metric__2",93.300000,-59.550000,0.000000,top
"U1","STM32G0B1CBT6","MCU_STM32G0_LQFP48",36.000000,-52.000000,0.000000,top
"U2","DCDC_12V_3V3","SOIC-8_5.3x5.3mm_P1.27mm",33.000000,-37.000000,0.000000,top
"U4","BAT54C","SOT23_BAT54C",40.000000,-37.000000,0.000000,top
"U5","OPTO_LTV356T","OPTO_LTV356T",44.500000,-52.000000,0.000000,top
"U6","DS320PR1601","DS320PR1601",93.800000,-53.700000,90.000000,top
