Ref,Value,Footprint,Side
C73,100nF,C_0402_1005Metric__3,top
C74,100nF,C_0402_1005Metric__1,top
C75,100nF,C_0402_1005Metric__1,top
C76,100nF,C_0402_1005Metric__1,top
C77,100nF,C_0402_1005Metric__1,top
C78,1uF,C_0603_1608Metric,top
C79,100nF,C_0402_1005Metric__1,top
C80,100nF,C_0402_1005Metric__1,top
C81,100nF,C_0402_1005Metric__1,top
C82,100nF,C_0402_1005Metric__1,top
C83,1uF,C_0603_1608Metric,top
C84,10uF,C_0805_2012Metric,top
C85,100nF,C_0402_1005Metric__2,top
C86,4.7uF,C_0603_1608Metric,top
C87,100nF,C_0402_1005Metric__1,top
C88,1uF,C_0603_1608Metric,top
C90,100nF,C_0402_1005Metric__1,top
D1,LED,LED_0603_1608Metric,top
D2,SS34,D_SMA,top
E2,FRU_EEPROM,SOIC8_FRU,top
J2,SlimSAS_x8_SFF8654,SlimSAS_x8_SFF-8654_74pin_RASide,top
J3,MCIO_4i_SFF1016,MCIO_4i_SFF-1016_RASide__1,top
J4,MCIO_4i_SFF1016,MCIO_4i_SFF-1016_RASide__2,top
J6,J_PWR_CTRL,PinHeader_1x02,top
J9,J_OOB_HEADER,PinHeader_1x04,top
J11,J_EC_HEADER,PinHeader_1x04,top
J12,J_12V_IN,PinHeader_1x02,top
J13,J_SWD,PinHeader_1x04,top
L1,10µH,L_0805_2012Metric,top
R1,10K,R_0603_1608Metric__1,top
R3,220R,R_0603_1608Metric__1,top
R21,1K,R_0603_1608Metric__1,top
R28,10K,R_0603_1608Metric__1,top
R29,10K,R_0603_1608Metric__1,top
R31,4.7k,R_0603_1608Metric__1,top
R32,4.7k,R_0603_1608Metric__1,top
R33,4.7k,R_0603_1608Metric__1,top
R34,4.7k,R_0603_1608Metric__1,top
R35,R_6K19,R_0603_1608Metric__2,top
R36,1K,R_0603_1608Metric__2,top
R37,1K,R_0603_1608Metric__2,top
R38,R_8K25,R_0603_1608Metric__2,top
R39,1K,R_0603_1608Metric__2,top
R40,10K,R_0402_1005Metric__2,top
R41,5.6k,R_0402_1005Metric__1,top
R42,1K,R_0603_1608Metric__2,top
R43,1K,R_0603_1608Metric__2,top
R44,1K,R_0603_1608Metric__2,top
R45,1K,R_0603_1608Metric__2,top
U1,STM32G0B1CBT6,MCU_STM32G0_LQFP48,top
U2,DCDC_12V_3V3,SOIC-8_5.3x5.3mm_P1.27mm,top
U4,BAT54C,SOT23_BAT54C,top
U5,OPTO_LTV356T,OPTO_LTV356T,top
U6,DS320PR1601,DS320PR1601,top
